datetime,actual,forecast,good/bad,O_-60,H_-60,L_-60,C_-60,O_-55,H_-55,L_-55,C_-55,O_-50,H_-50,L_-50,C_-50,O_-45,H_-45,L_-45,C_-45,O_-40,H_-40,L_-40,C_-40,O_-35,H_-35,L_-35,C_-35,O_-30,H_-30,L_-30,C_-30,O_-25,H_-25,L_-25,C_-25,O_-20,H_-20,L_-20,C_-20,O_-15,H_-15,L_-15,C_-15,O_-10,H_-10,L_-10,C_-10,O_-5,H_-5,L_-5,C_-5,O_0,H_0,L_0,C_0,O_5,H_5,L_5,C_5,O_10,H_10,L_10,C_10,O_15,H_15,L_15,C_15,O_20,H_20,L_20,C_20,O_25,H_25,L_25,C_25,O_30,H_30,L_30,C_30,O_35,H_35,L_35,C_35,O_40,H_40,L_40,C_40,O_45,H_45,L_45,C_45,O_50,H_50,L_50,C_50,O_55,H_55,L_55,C_55,O_60,H_60,L_60,C_60,O_65,H_65,L_65,C_65,O_70,H_70,L_70,C_70,O_75,H_75,L_75,C_75,O_80,H_80,L_80,C_80,O_85,H_85,L_85,C_85,O_90,H_90,L_90,C_90,O_95,H_95,L_95,C_95,O_100,H_100,L_100,C_100,O_105,H_105,L_105,C_105,O_110,H_110,L_110,C_110,O_115,H_115,L_115,C_115,O_120,H_120,L_120,C_120,O_125,H_125,L_125,C_125,O_130,H_130,L_130,C_130,O_135,H_135,L_135,C_135,O_140,H_140,L_140,C_140,O_145,H_145,L_145,C_145,O_150,H_150,L_150,C_150,O_155,H_155,L_155,C_155,O_160,H_160,L_160,C_160,O_165,H_165,L_165,C_165,O_170,H_170,L_170,C_170,O_175,H_175,L_175,C_175,O_180,H_180,L_180,C_180
2021.02.05 08:30,166K,50K,Bad,1803.475,1803.675,1801.505,1801.835,1801.825,1803.135,1801.815,1802.058,1802.058,1802.195,1800.835,1801.795,1801.805,1802.055,1801.155,1801.465,1801.467,1802.723,1801.278,1801.425,1801.425,1802.355,1801.345,1802.175,1802.175,1802.205,1798.615,1798.735,1798.735,1799.273,1796.854,1798.915,1798.915,1799.585,1797.224,1797.918,1797.933,1798.245,1794.998,1795.325,1795.275,1796.625,1793.325,1796.325,1796.345,1797.945,1796.335,1796.758,1796.758,1804.648,1796.758,1804.325,1804.355,1806.325,1802.763,1804.325,1804.336,1806.055,1802.928,1803.065,1803.055,1806.553,1802.895,1806.178,1806.174,1806.548,1802.115,1802.835,1802.865,1802.865,1798.255,1799.825,1799.815,1799.815,1796.505,1797.475,1797.455,1798.255,1795.445,1797.195,1797.145,1800.408,1796.425,1798.895,1798.895,1799.215,1796.715,1797.409,1797.407,1801.502,1797.153,1800.605,1800.585,1803.183,1800.585,1802.265,1802.375,1802.705,1799.125,1799.547,1799.547,1804.133,1799.168,1802.735,1802.715,1803.798,1801.388,1803.598,1803.643,1805.218,1801.456,1801.888,1801.898,1803.528,1801.708,1802.025,1802.015,1803.469,1800.055,1802.665,1802.675,1804.655,1802.225,1804.288,1804.275,1806.168,1803.885,1805.248,1805.258,1805.848,1803.608,1803.785,1803.785,1806.065,1803.585,1805.735,1805.735,1806.858,1805.498,1805.998,1805.998,1808.358,1805.858,1805.898,1805.898,1808.578,1805.858,1807.408,1807.408,1807.948,1806.348,1807.195,1807.115,1807.888,1804.915,1806.068,1806.118,1807.228,1805.738,1805.918,1805.918,1805.918,1802.808,1804.508,1804.518,1805.938,1804.248,1805.838,1805.838,1807.765,1805.838,1806.955,1806.965,1807.718,1806.638,1807.268,1807.218,1808.538,1806.838,1808.158,1808.128,1808.528,1806.918,1807.078,1807.078,1810.168,1807.078,1809.898,1809.848,1810.288,1807.908,1808.718,1808.718,1809.93,1807.865,1809.928
2021.03.05 08:30,916K,182K,Bad,1697.695,1697.695,1695.935,1696.134,1696.054,1696.104,1695.044,1695.184,1695.21,1697.104,1694.414,1696.644,1696.694,1696.694,1694.905,1696.075,1696.084,1697.364,1694.445,1697.154,1697.154,1698.923,1697.154,1698.564,1698.564,1699.584,1696.914,1697.554,1697.544,1698.264,1696.894,1697.024,1697.084,1697.964,1695.508,1695.958,1696.008,1696.698,1695.398,1696.448,1696.438,1697.658,1694.924,1695.915,1695.905,1696.959,1695.158,1695.808,1695.707,1695.769,1687.138,1693.858,1689.818,1694.719,1688.795,1693.858,1693.843,1697.968,1691.658,1697.879,1697.849,1701.089,1697.054,1697.528,1697.528,1697.944,1692.438,1693.828,1693.828,1694.248,1692.238,1693.368,1693.348,1697.308,1693.295,1695.439,1695.448,1699.539,1694.658,1699.455,1699.494,1699.844,1697.919,1699.744,1699.733,1705.429,1699.484,1704.509,1704.503,1707.669,1703.298,1704.385,1704.385,1705.214,1702.248,1703.339,1703.344,1703.42,1700.008,1700.158,1700.168,1700.168,1695.758,1696.048,1696.548,1698.608,1696.245,1696.978,1697.078,1697.698,1695.078,1695.178,1695.138,1696.208,1692.295,1693.128,1693.188,1694.678,1691.678,1694.428,1694.385,1698.298,1694.225,1697.928,1697.938,1701.748,1697.488,1700.111,1700.121,1700.569,1697.325,1697.614,1697.574,1700.768,1697.454,1700.274,1700.175,1702.398,1699.683,1701.538,1701.548,1703.774,1700.234,1700.254,1700.364,1701.168,1698.235,1698.795,1698.914,1701.339,1697.619,1697.828,1697.924,1699.778,1697.458,1699.409,1699.385,1700.284,1698.085,1700.045,1699.985,1700.254,1697.514,1698.074,1698.104,1698.164,1695.978,1696.938,1696.938,1697.884,1695.245,1695.294,1695.275,1696.745,1694.934,1696.215,1696.205,1696.948,1695.385,1696.255,1696.255,1698.515,1696.225,1697.895,1697.908,1699.407,1697.455,1698.059,1698.198,1698.208,1695.778,1695.838,1695.838,1696.838,1695.148,1695.418
2021.04.02 08:30,916K,660K,Bad,,,,,,,,,,,,,,,,,,,,,,,,,,,,,,,,,,,,,,,,,,,,,,,,,,,,,,,,,,,,,,,,,,,,,,,,,,,,,,,,,,,,,,,,,,,,,,,,,,,,,,,,,,,,,,,,,,,,,,,,,,,,,,,,,,,,,,,,,,,,,,,,,,,,,,,,,,,,,,,,,,,,,,,,,,,,,,,,,,,,,,,,,,,,,,,,,,,,
2021.05.07 08:30,266K,978K,Good,1820.148,1820.238,1819.488,1819.855,1819.875,1819.998,1818.838,1819.688,1819.688,1820.278,1819.498,1819.748,1819.748,1820.288,1819.205,1820.168,1820.148,1821.218,1820.108,1820.498,1820.498,1820.718,1819.965,1820.005,1819.995,1819.995,1817.988,1818.328,1818.348,1819.318,1817.915,1819.108,1819.128,1819.238,1817.216,1818.258,1818.235,1819.548,1817.465,1817.465,1817.406,1820.488,1817.195,1819.488,1819.428,1820.448,1817.785,1818.248,1818.338,1834.846,1818.338,1835.068,1834.996,1838.268,1833.151,1835.068,1835.088,1839.448,1835.088,1837.565,1837.578,1839.988,1837.128,1838.678,1838.731,1843.175,1838.608,1842.018,1842.028,1842.978,1837.128,1838.648,1838.648,1841.098,1834.338,1834.778,1834.788,1835.158,1828.498,1828.938,1828.978,1833.198,1827.706,1832.868,1832.978,1834.678,1831.588,1833.408,1833.375,1833.528,1826.548,1827.468,1827.468,1831.308,1827.128,1831.055,1831.188,1831.888,1825.968,1826.665,1826.665,1831.318,1825.468,1831.105,1831.115,1831.968,1826.778,1831.428,1831.378,1835.708,1829.338,1835.225,1835.225,1837.748,1834.438,1836.078,1836.078,1839.008,1835.758,1838.408,1838.408,1838.828,1835.908,1837.458,1837.468,1838.838,1837.225,1837.588,1837.808,1840.098,1837.808,1838.708,1838.728,1839.118,1837.745,1838.118,1838.118,1842.168,1837.515,1839.878,1839.806,1840.748,1836.196,1836.678,1836.688,1837.088,1835.035,1835.238,1835.258,1835.598,1832.725,1833.088,1833.108,1833.698,1830.266,1832.098,1832.048,1832.438,1828.615,1830.448,1830.488,1830.898,1828.585,1829.968,1829.968,1832.365,1829.718,1832.148,1832.118,1832.588,1830.738,1832.588,1832.618,1834.455,1831.578,1834.125,1834.135,1835.148,1833.945,1834.975,1834.945,1834.958,1832.605,1833.198,1833.198,1835.235,1832.798,1834.905,1834.935,1835.045,1832.415,1832.918,1832.948,1834.068,1832.345,1833.568
2021.06.04 08:30,559K,650K,Good,1872.025,1872.158,1871.255,1871.278,1871.268,1871.835,1870.698,1870.708,1870.718,1871.028,1869.195,1869.738,1869.768,1870.058,1869.448,1870.038,1870.038,1871.358,1869.978,1871.125,1871.125,1871.728,1870.995,1871.098,1871.038,1872.628,1871.038,1872.008,1871.998,1872.318,1871.538,1871.728,1871.728,1872.718,1871.158,1871.928,1872.018,1874.228,1871.935,1874.128,1874.098,1874.498,1871.878,1872.028,1871.988,1872.518,1868.668,1870.038,1870.028,1881.754,1870.028,1876.188,1880.954,1881.158,1873.734,1876.188,1876.248,1883.098,1875.478,1882.785,1882.775,1883.598,1880.248,1881.688,1881.678,1884.598,1880.848,1884.238,1884.268,1885.848,1884.018,1884.418,1884.508,1887.168,1884.348,1885.624,1885.608,1888.358,1885.238,1887.618,1887.758,1888.208,1885.578,1886.798,1886.708,1888.148,1886.378,1887.598,1887.598,1888.288,1886.775,1886.788,1886.898,1887.338,1885.179,1886.428,1886.428,1888.908,1886.108,1887.664,1887.648,1889.448,1887.618,1888.798,1888.778,1889.178,1887.185,1888.768,1888.778,1890.104,1887.545,1888.528,1888.408,1891.308,1888.408,1890.514,1890.514,1891.588,1889.958,1891.204,1891.248,1891.648,1889.978,1889.978,1889.978,1892.178,1889.978,1891.998,1892.118,1892.398,1891.478,1891.658,1891.658,1892.228,1890.505,1891.728,1891.788,1892.218,1890.808,1891.738,1891.754,1894.108,1891.754,1893.945,1893.925,1896.098,1893.818,1894.648,1894.665,1895.634,1893.824,1893.854,1893.928,1894.578,1893.154,1893.765,1893.765,1894.698,1893.695,1894.088,1894.068,1894.488,1893.018,1893.688,1893.585,1894.718,1893.435,1893.758,1893.778,1894.408,1892.358,1892.608,1892.608,1894.268,1892.598,1893.988,1893.955,1894.558,1893.398,1894.084,1894.088,1894.468,1893.625,1893.965,1893.965,1894.355,1893.295,1893.488,1893.508,1894.388,1893.458,1894.095,1894.095,1894.218,1892.718,1892.805
2021.07.02 08:30,850K,700K,Bad,1785.998,1786.228,1785.458,1785.828,1785.848,1786.428,1785.648,1786.058,1786.138,1786.708,1785.838,1786.678,1786.668,1787.988,1786.598,1787.858,1787.858,1788.628,1787.358,1788.198,1788.198,1788.298,1785.778,1785.778,1785.788,1786.178,1784.288,1784.388,1784.388,1785.438,1783.068,1785.038,1785.048,1785.788,1783.898,1784.348,1784.348,1785.518,1783.448,1784.698,1784.698,1784.738,1780.368,1780.368,1780.368,1781.798,1780.248,1780.608,1780.614,1786.938,1775.882,1786.198,1786.898,1793.798,1784.128,1786.198,1786.298,1789.248,1783.398,1788.548,1788.578,1789.088,1786.128,1787.008,1787.038,1791.198,1785.918,1790.258,1790.258,1792.862,1788.888,1789.398,1789.398,1794.008,1789.298,1791.148,1791.168,1794.908,1791.168,1794.358,1794.898,1794.928,1792.798,1792.868,1792.858,1794.278,1792.678,1793.798,1793.788,1793.898,1790.838,1791.118,1791.068,1792.058,1788.058,1788.278,1788.278,1790.848,1786.528,1789.808,1789.788,1789.868,1785.358,1786.948,1786.988,1787.348,1784.298,1785.718,1785.708,1786.978,1783.138,1783.298,1783.228,1784.848,1779.998,1784.648,1784.648,1786.208,1783.628,1785.428,1785.388,1786.518,1784.358,1784.828,1784.788,1785.048,1782.208,1782.308,1782.298,1783.758,1781.038,1781.588,1781.648,1782.258,1777.888,1781.878,1781.858,1783.568,1781.798,1783.198,1783.158,1783.908,1782.838,1783.328,1783.328,1784.636,1782.858,1783.478,1783.538,1784.418,1782.388,1784.088,1784.098,1784.328,1782.928,1783.588,1783.588,1784.078,1782.548,1782.938,1782.928,1783.218,1781.698,1781.701,1781.698,1783.748,1781.698,1782.768,1782.718,1783.318,1781.398,1783.148,1783.148,1783.808,1781.588,1782.118,1782.148,1783.818,1782.138,1783.488,1783.468,1784.418,1783.138,1784.418,1784.448,1785.575,1783.438,1783.498,1783.498,1784.378,1783.198,1784.248,1784.268,1785.278,1783.638,1783.718
2021.08.06 08:30,1053K,870K,Bad,1797.658,1798.407,1796.998,1798.243,1798.227,1798.558,1797.907,1798.338,1798.318,1798.788,1798.308,1798.758,1798.658,1799.657,1798.578,1799.517,1799.513,1800.018,1799.117,1799.848,1799.818,1799.818,1799.068,1799.538,1799.538,1799.818,1798.278,1798.938,1798.938,1799.638,1798.938,1799.298,1799.398,1800.988,1799.348,1800.448,1800.428,1800.927,1799.847,1800.467,1800.457,1801.298,1797.118,1797.118,1797.338,1801.055,1796.835,1799.618,1799.628,1799.768,1788.198,1790.098,1790.108,1793.528,1789.078,1790.098,1790.098,1790.988,1779.208,1779.898,1779.898,1780.188,1776.206,1776.358,1776.358,1780.038,1775.418,1777.648,1777.637,1779.398,1776.178,1776.378,1776.348,1776.348,1771.548,1772.0,1772.0,1774.128,1770.805,1773.218,1773.118,1775.408,1772.167,1774.848,1774.858,1774.918,1770.168,1772.238,1772.225,1774.288,1771.695,1773.968,1774.028,1774.028,1770.708,1772.318,1772.318,1773.378,1768.658,1773.268,1773.258,1773.338,1770.698,1771.438,1771.538,1771.578,1769.268,1769.338,1769.358,1769.468,1763.755,1765.008,1764.948,1766.348,1763.768,1764.548,1764.508,1765.508,1763.058,1763.547,1763.517,1764.768,1763.188,1763.958,1763.908,1766.367,1763.628,1766.268,1766.278,1767.977,1765.968,1766.508,1766.488,1766.578,1764.608,1764.998,1764.938,1765.468,1764.246,1765.418,1765.388,1766.018,1764.888,1765.458,1765.538,1765.548,1763.818,1764.588,1764.558,1764.558,1762.765,1762.988,1762.765,1765.348,1762.505,1765.238,1765.278,1765.328,1763.437,1763.998,1763.958,1764.825,1763.728,1764.008,1764.038,1764.048,1760.624,1760.624,1760.578,1762.528,1758.588,1762.098,1762.098,1764.888,1761.738,1764.418,1764.388,1764.728,1762.848,1764.198,1764.158,1764.678,1762.397,1763.568,1763.598,1763.868,1760.848,1761.418,1761.368,1761.538,1759.858,1760.305,1760.305,1761.888,1759.895,1761.708
2021.09.03 08:30,366K,750K,Good,1815.007,1815.354,1814.084,1815.114,1815.114,1815.218,1814.098,1814.547,1814.537,1814.918,1814.537,1814.737,1814.747,1814.848,1813.707,1814.668,1814.608,1815.058,1814.498,1814.875,1814.875,1814.948,1814.175,1814.628,1814.605,1816.054,1814.538,1815.714,1815.698,1816.098,1814.784,1815.207,1815.207,1815.577,1814.534,1814.614,1814.609,1815.407,1814.527,1814.617,1814.647,1817.472,1813.947,1816.998,1817.004,1817.004,1813.047,1814.198,1814.178,1829.478,1813.675,1821.778,1824.883,1826.588,1820.62,1821.778,1822.058,1823.298,1817.648,1819.338,1819.347,1824.777,1818.648,1823.977,1823.967,1824.517,1820.947,1822.507,1822.488,1825.567,1822.488,1823.357,1823.398,1826.518,1823.193,1826.038,1826.068,1826.317,1824.448,1825.168,1825.188,1825.898,1822.712,1824.708,1824.708,1824.978,1822.987,1823.437,1823.437,1826.424,1823.227,1825.557,1825.557,1826.147,1823.485,1823.827,1823.827,1825.178,1823.014,1824.167,1824.167,1825.497,1822.988,1823.565,1823.545,1823.834,1819.118,1820.157,1820.157,1822.928,1819.538,1822.578,1822.568,1824.498,1822.068,1824.068,1823.998,1825.028,1823.994,1824.777,1824.777,1825.397,1821.827,1823.508,1823.517,1824.158,1822.447,1823.677,1823.664,1825.048,1823.317,1824.294,1824.328,1826.257,1823.994,1825.278,1825.274,1826.707,1825.248,1826.408,1826.413,1827.387,1825.834,1825.948,1825.944,1829.148,1825.628,1829.128,1829.128,1829.218,1827.874,1828.185,1828.225,1830.998,1828.225,1829.994,1829.994,1830.797,1828.747,1828.897,1828.938,1830.407,1828.938,1829.758,1829.758,1830.624,1828.967,1830.227,1830.227,1830.847,1829.927,1830.677,1830.694,1832.088,1830.594,1831.637,1831.647,1833.908,1831.637,1833.367,1833.367,1833.787,1831.908,1832.747,1832.758,1833.117,1832.158,1832.748,1832.758,1832.907,1831.544,1831.644,1831.644,1831.978,1829.422,1829.448
2021.10.08 08:30,531K,500K,Good,1762.288,1762.835,1762.278,1762.458,1762.428,1763.015,1761.018,1761.345,1761.305,1761.635,1761.128,1761.535,1761.565,1761.935,1761.385,1761.928,1761.918,1761.935,1761.208,1761.488,1761.498,1761.978,1761.265,1761.618,1761.618,1763.018,1761.328,1762.388,1762.398,1763.268,1762.078,1763.138,1763.148,1764.688,1762.928,1764.24,1764.258,1765.395,1763.645,1763.828,1763.838,1764.468,1762.635,1763.638,1763.608,1764.098,1761.368,1761.725,1761.725,1771.308,1761.725,1775.088,1770.513,1775.198,1770.418,1775.088,1775.015,1776.728,1773.118,1774.628,1774.605,1775.978,1770.335,1770.588,1770.598,1774.348,1770.598,1773.515,1773.665,1776.468,1773.635,1775.755,1775.768,1778.508,1775.698,1778.118,1778.113,1778.665,1777.398,1778.058,1778.078,1778.918,1776.705,1778.008,1778.028,1780.358,1777.843,1779.448,1779.388,1780.948,1778.868,1780.468,1780.465,1781.228,1778.735,1778.808,1778.848,1779.878,1776.788,1777.018,1776.998,1778.388,1773.685,1774.708,1774.738,1775.498,1772.238,1772.275,1772.275,1772.318,1769.218,1771.858,1771.858,1773.698,1771.068,1773.598,1773.608,1774.028,1771.415,1772.578,1772.588,1774.078,1771.958,1773.255,1773.305,1773.715,1769.018,1769.018,1769.068,1769.288,1763.708,1764.198,1764.188,1765.438,1763.688,1764.198,1764.278,1764.315,1761.078,1762.078,1762.088,1762.478,1760.958,1762.408,1762.395,1762.395,1757.898,1758.135,1757.935,1758.955,1755.398,1758.085,1758.075,1759.798,1755.958,1759.768,1759.775,1760.548,1758.158,1758.468,1758.398,1759.165,1757.608,1758.908,1758.925,1759.308,1757.583,1758.825,1758.798,1759.208,1757.558,1758.528,1758.555,1759.998,1758.165,1759.335,1759.335,1759.788,1758.475,1759.205,1759.205,1759.475,1758.078,1758.498,1758.508,1758.708,1757.295,1757.578,1757.578,1758.278,1756.668,1757.588,1757.578,1758.458,1756.678,1756.718
2021.11.05 08:30,546K,425K,Bad,1791.868,1793.788,1784.894,1788.168,1788.308,1797.318,1788.308,1793.558,1793.585,1794.654,1789.494,1790.438,1790.428,1793.378,1790.034,1792.048,1792.038,1792.168,1789.888,1790.414,1790.404,1793.718,1789.744,1790.874,1790.884,1796.002,1790.528,1795.694,1795.674,1795.934,1793.774,1794.874,1794.864,1796.924,1793.358,1795.548,1795.548,1797.128,1794.934,1796.208,1796.178,1796.648,1794.384,1795.354,1795.354,1803.598,1795.064,1801.798,1801.788,1802.004,1798.468,1798.468,1799.628,1800.204,1798.328,1798.468,1798.468,1799.854,1797.014,1798.318,1798.298,1799.374,1796.724,1798.484,1798.478,1798.668,1796.368,1798.418,1798.418,1799.638,1797.268,1799.208,1799.208,1801.944,1798.778,1800.604,1800.614,1800.854,1796.204,1796.998,1796.978,1797.418,1795.834,1796.838,1796.838,1798.314,1796.608,1797.224,1797.214,1798.814,1795.668,1798.298,1798.298,1800.024,1798.184,1799.084,1799.084,1799.884,1798.744,1799.394,1799.364,1800.048,1798.108,1799.964,1799.964,1800.728,1798.234,1799.074,1799.084,1800.048,1798.444,1799.774,1799.794,1801.694,1799.488,1800.824,1800.884,1803.328,1800.774,1801.908,1801.924,1802.814,1801.604,1801.614,1801.614,1802.654,1801.118,1802.484,1802.484,1804.674,1801.934,1804.578,1804.578,1806.028,1803.464,1805.364,1805.364,1806.338,1804.024,1806.168,1806.198,1808.704,1806.198,1808.624,1808.634,1809.448,1807.604,1809.245,1809.245,1810.374,1808.534,1810.164,1810.164,1811.705,1810.164,1810.878,1810.908,1811.428,1807.498,1807.514,1807.514,1809.438,1806.964,1808.314,1808.314,1810.374,1807.694,1809.864,1809.834,1811.048,1809.538,1810.814,1810.814,1811.634,1807.718,1808.734,1808.744,1811.074,1808.354,1810.238,1810.248,1812.334,1810.248,1811.824,1811.804,1812.728,1811.668,1812.674,1812.684,1815.394,1812.404,1813.464,1813.464,1814.124,1812.874,1813.004
2021.12.03 08:30,249K,573K,Good,1772.86,1773.088,1772.338,1772.66,1772.66,1773.098,1772.508,1772.738,1772.738,1772.968,1771.718,1772.708,1772.708,1773.518,1772.408,1773.505,1773.505,1774.408,1772.758,1774.378,1774.36,1774.648,1773.694,1774.118,1774.121,1774.148,1771.328,1771.928,1771.968,1772.116,1769.838,1770.428,1770.408,1772.608,1769.765,1771.745,1771.745,1772.105,1770.19,1770.9,1770.898,1771.85,1769.185,1769.32,1769.328,1769.951,1767.648,1769.638,1769.621,1778.53,1769.608,1772.59,1769.995,1775.058,1769.385,1772.59,1772.6,1773.368,1770.645,1773.24,1773.24,1773.24,1767.935,1769.218,1769.158,1770.008,1766.295,1769.178,1769.048,1771.128,1768.648,1769.948,1769.958,1771.798,1767.778,1769.348,1769.318,1771.805,1767.779,1768.158,1768.075,1771.03,1766.628,1771.03,1771.198,1771.805,1769.168,1770.435,1770.458,1771.205,1769.37,1770.118,1770.218,1771.5,1769.448,1771.068,1771.028,1773.218,1769.675,1769.918,1769.918,1772.678,1768.648,1772.235,1772.311,1773.725,1771.438,1772.398,1772.415,1772.418,1770.305,1772.108,1772.138,1774.35,1772.138,1773.348,1773.35,1773.418,1770.488,1770.768,1770.758,1770.965,1766.338,1768.985,1768.985,1771.235,1768.625,1770.665,1770.715,1772.258,1770.225,1770.858,1770.858,1771.555,1769.535,1770.705,1770.705,1772.358,1770.498,1771.808,1771.79,1772.668,1770.118,1770.175,1770.168,1770.978,1769.618,1770.545,1770.538,1771.838,1770.018,1771.52,1771.538,1772.098,1769.708,1771.035,1771.098,1771.198,1767.968,1769.318,1769.338,1771.358,1768.785,1770.918,1770.918,1770.988,1769.508,1770.628,1770.618,1771.528,1769.655,1771.068,1771.178,1777.695,1771.06,1777.455,1777.435,1777.918,1774.078,1774.809,1774.805,1776.078,1774.448,1775.593,1775.625,1777.548,1775.168,1776.495,1776.468,1776.925,1775.555,1776.745,1776.745,1777.265,1775.735,1776.365
2022.01.07 08:30,199K,400K,Good,1792.988,1793.318,1792.758,1793.148,1793.148,1793.238,1792.298,1792.298,1792.258,1792.538,1790.298,1790.558,1790.578,1790.878,1789.908,1790.758,1790.758,1790.758,1790.218,1790.558,1790.565,1790.678,1789.168,1789.218,1789.198,1789.728,1788.238,1788.678,1788.678,1789.555,1787.828,1789.508,1789.508,1790.265,1788.528,1788.588,1788.558,1791.518,1788.558,1790.538,1790.445,1790.548,1788.198,1788.828,1788.758,1789.578,1787.928,1788.618,1788.625,1796.088,1788.495,1783.415,1792.388,1792.695,1783.415,1783.415,1783.455,1790.198,1782.495,1790.198,1790.205,1793.029,1790.205,1792.678,1792.678,1792.975,1788.731,1789.565,1789.618,1791.648,1788.258,1789.088,1789.048,1791.278,1789.028,1791.018,1790.995,1792.178,1790.769,1792.098,1792.135,1794.228,1791.358,1793.908,1793.948,1794.568,1792.905,1793.388,1793.459,1794.358,1792.699,1792.815,1792.845,1793.318,1792.048,1792.048,1792.048,1792.908,1789.625,1789.788,1789.778,1792.268,1789.265,1791.838,1791.778,1793.298,1791.155,1793.298,1793.298,1794.055,1791.058,1791.228,1791.218,1792.148,1790.508,1790.988,1790.978,1791.488,1790.445,1790.938,1790.868,1792.818,1790.048,1791.205,1791.205,1792.058,1790.968,1791.398,1791.408,1792.168,1789.678,1789.798,1789.845,1791.448,1789.008,1791.398,1791.408,1793.509,1791.088,1792.158,1792.059,1792.145,1790.728,1791.378,1791.378,1791.568,1790.258,1790.575,1790.515,1790.955,1788.728,1788.758,1788.738,1789.295,1787.578,1787.848,1787.848,1788.908,1786.398,1787.308,1787.318,1789.218,1786.885,1789.188,1789.188,1789.508,1788.328,1789.048,1789.048,1791.968,1789.048,1791.918,1791.905,1792.475,1791.355,1791.648,1791.639,1792.075,1790.328,1790.608,1790.585,1791.488,1790.408,1790.468,1790.458,1790.808,1789.348,1789.948,1789.998,1790.968,1789.768,1790.348,1790.328,1791.178,1790.288,1790.705
2022.02.04 08:30,467K,150K,Bad,1810.985,1812.045,1810.952,1811.725,1811.725,1812.365,1811.325,1812.075,1812.075,1812.135,1811.308,1811.545,1811.545,1811.658,1811.049,1811.658,1811.668,1811.717,1810.888,1811.078,1811.078,1811.548,1810.668,1810.875,1810.875,1812.375,1810.485,1812.375,1812.375,1813.505,1812.335,1813.505,1813.525,1813.808,1812.758,1813.478,1813.498,1814.155,1812.688,1813.915,1813.959,1814.798,1812.548,1813.048,1813.048,1813.828,1812.625,1812.972,1813.002,1813.408,1801.0,1799.778,1801.0,1802.868,1796.328,1799.778,1799.748,1799.948,1797.048,1797.738,1797.695,1800.638,1796.698,1799.108,1799.088,1799.178,1796.0,1797.028,1796.978,1798.545,1795.0,1795.318,1795.258,1796.668,1792.018,1794.888,1794.858,1796.628,1793.668,1796.208,1796.218,1804.148,1795.948,1803.248,1803.258,1803.369,1800.165,1800.319,1800.478,1801.738,1799.928,1801.178,1801.188,1802.818,1799.198,1799.618,1799.558,1801.178,1798.718,1800.115,1800.058,1802.808,1799.538,1802.302,1802.308,1806.422,1802.058,1806.335,1806.345,1807.075,1805.278,1805.808,1805.718,1805.998,1802.058,1802.338,1802.358,1804.718,1802.018,1804.245,1804.138,1808.208,1803.828,1807.995,1807.998,1810.355,1806.328,1806.548,1806.448,1807.388,1805.478,1805.858,1805.848,1807.628,1805.338,1807.545,1807.545,1808.868,1806.961,1807.585,1807.565,1807.795,1806.189,1807.198,1807.132,1808.895,1805.948,1808.208,1808.208,1808.728,1807.075,1807.465,1807.468,1807.668,1805.268,1805.478,1805.445,1805.668,1803.328,1803.888,1803.858,1804.868,1803.718,1804.505,1804.505,1804.928,1803.598,1803.778,1803.788,1804.778,1803.025,1804.775,1804.785,1805.528,1803.848,1805.415,1805.428,1805.828,1803.548,1804.368,1804.378,1805.128,1803.505,1804.368,1804.475,1804.588,1803.335,1803.958,1803.968,1804.985,1803.875,1804.585,1804.565,1805.218,1804.278,1805.198
2022.03.04 08:30,750K,400K,Bad,1949.018,1949.859,1948.358,1948.645,1948.658,1949.058,1947.054,1947.558,1947.563,1948.421,1945.887,1945.913,1945.887,1947.208,1945.723,1946.548,1946.548,1947.258,1945.158,1945.178,1945.168,1945.978,1943.788,1945.548,1945.558,1945.558,1941.908,1942.183,1942.183,1942.294,1939.778,1940.968,1940.968,1942.918,1940.008,1942.748,1942.747,1944.138,1942.223,1943.468,1943.478,1946.218,1942.638,1943.828,1943.818,1944.729,1942.843,1944.467,1944.467,1947.012,1942.293,1943.588,1946.121,1946.228,1942.398,1943.588,1943.588,1944.668,1942.538,1944.019,1944.019,1947.348,1943.979,1946.198,1946.198,1948.248,1944.986,1947.698,1947.718,1948.024,1945.889,1946.798,1946.828,1947.791,1945.988,1947.369,1947.369,1947.399,1945.431,1946.998,1946.998,1948.618,1946.988,1948.338,1948.338,1949.068,1947.653,1948.318,1948.29,1948.418,1946.698,1947.758,1947.739,1950.848,1947.358,1950.639,1950.599,1955.638,1949.738,1954.878,1954.75,1959.158,1954.098,1959.003,1958.898,1959.264,1953.087,1953.148,1953.178,1957.658,1953.168,1957.328,1957.338,1958.108,1953.653,1953.653,1953.653,1955.163,1950.178,1951.767,1952.138,1953.206,1942.588,1946.679,1946.679,1950.858,1945.408,1950.708,1950.698,1955.407,1950.358,1955.258,1955.237,1955.648,1952.516,1953.098,1953.098,1954.663,1952.714,1952.95,1952.943,1955.278,1951.998,1954.998,1954.998,1957.088,1954.29,1957.018,1957.038,1957.367,1954.585,1955.108,1955.118,1956.003,1953.62,1955.988,1955.988,1958.978,1955.608,1957.328,1957.342,1958.233,1956.988,1957.713,1957.728,1958.383,1957.27,1957.863,1957.888,1958.313,1956.558,1957.548,1957.508,1961.468,1957.508,1961.468,1961.468,1961.768,1960.008,1960.995,1960.997,1961.581,1960.178,1960.718,1960.688,1962.688,1960.503,1960.503,1960.506,1961.746,1960.438,1961.438,1961.478,1962.223,1958.498,1959.5
2022.04.01 08:30,431K,490K,Good,1927.398,1928.038,1925.543,1925.583,1925.543,1926.603,1924.493,1924.808,1924.728,1926.488,1924.118,1925.938,1925.958,1928.128,1925.418,1927.858,1927.858,1929.548,1926.773,1929.495,1929.495,1929.783,1928.163,1928.585,1928.585,1929.438,1927.968,1929.148,1929.138,1930.038,1928.868,1930.008,1930.008,1930.128,1928.768,1929.508,1929.508,1931.968,1929.458,1930.428,1930.458,1931.468,1928.908,1931.173,1931.158,1931.183,1927.688,1929.844,1929.844,1930.982,1925.41,1930.055,1928.758,1931.4,1928.663,1930.055,1930.093,1932.765,1929.504,1931.778,1931.858,1933.878,1931.489,1931.828,1931.828,1931.923,1928.178,1928.408,1928.408,1928.948,1927.175,1927.279,1927.248,1928.023,1922.385,1926.038,1926.178,1927.518,1925.388,1926.288,1926.249,1926.408,1923.208,1923.858,1923.878,1926.608,1923.308,1926.369,1926.369,1927.219,1924.479,1926.473,1926.473,1926.828,1923.938,1924.258,1924.258,1928.558,1923.799,1928.018,1927.993,1930.713,1927.57,1930.318,1930.328,1932.828,1929.586,1931.618,1931.583,1933.368,1931.078,1932.478,1932.493,1933.553,1930.803,1932.079,1932.079,1932.513,1930.018,1931.43,1931.43,1932.704,1928.748,1929.838,1929.953,1931.348,1928.068,1928.608,1928.578,1930.568,1928.178,1930.028,1930.018,1931.308,1929.593,1930.055,1930.055,1931.098,1925.949,1927.193,1927.202,1927.473,1924.388,1924.718,1924.638,1924.758,1918.63,1920.518,1920.518,1924.008,1919.652,1923.279,1923.228,1925.108,1922.393,1924.109,1924.109,1926.848,1924.109,1926.203,1926.223,1926.223,1924.393,1925.058,1925.058,1926.878,1924.848,1925.843,1925.843,1926.763,1922.948,1923.558,1923.578,1924.698,1922.968,1923.328,1923.318,1927.428,1923.105,1927.4,1927.4,1929.243,1927.238,1927.458,1927.458,1930.468,1926.338,1928.428,1928.403,1929.458,1927.673,1927.723,1927.723,1927.953,1925.733,1926.998
2022.05.06 08:30,428K,391K,Good,1882.858,1882.888,1881.748,1882.328,1882.346,1883.668,1882.046,1882.853,1882.853,1883.968,1882.772,1883.938,1883.958,1884.238,1883.328,1884.045,1884.045,1884.698,1883.148,1883.578,1883.583,1883.683,1881.361,1881.773,1881.778,1882.369,1881.346,1881.363,1881.363,1883.568,1881.299,1883.508,1883.508,1883.77,1882.548,1882.568,1882.568,1883.536,1882.214,1882.506,1882.488,1885.386,1882.428,1885.268,1885.216,1885.358,1883.388,1884.118,1884.118,1888.158,1883.138,1887.148,1887.828,1889.813,1885.528,1887.148,1887.148,1889.998,1883.808,1884.388,1884.468,1884.978,1879.008,1879.328,1879.278,1880.298,1875.958,1877.178,1877.218,1878.133,1876.208,1876.438,1876.438,1878.803,1874.318,1875.223,1875.223,1878.138,1875.153,1876.978,1877.083,1877.718,1875.108,1876.818,1876.858,1877.278,1875.093,1876.418,1876.418,1877.998,1876.158,1876.736,1876.736,1880.458,1876.398,1880.258,1880.258,1880.258,1877.643,1879.048,1879.008,1879.208,1874.444,1875.158,1875.098,1877.869,1874.843,1876.278,1876.278,1883.488,1875.248,1882.203,1882.208,1885.443,1881.928,1884.343,1884.238,1884.913,1880.798,1880.798,1880.794,1883.098,1879.648,1881.978,1882.013,1883.538,1880.693,1882.313,1882.363,1884.228,1881.858,1883.488,1883.488,1885.888,1883.458,1884.928,1884.933,1885.538,1883.523,1883.623,1883.614,1885.813,1883.568,1885.113,1885.113,1885.798,1881.978,1882.518,1882.513,1883.813,1882.513,1883.328,1883.348,1885.478,1883.033,1884.423,1884.423,1885.688,1883.748,1884.748,1884.748,1885.483,1883.938,1884.768,1884.768,1887.558,1884.748,1885.558,1885.558,1887.048,1884.694,1885.104,1885.104,1886.163,1883.768,1885.859,1885.859,1886.648,1884.928,1886.278,1886.464,1888.438,1885.726,1887.978,1888.002,1892.068,1887.668,1891.706,1891.696,1892.373,1890.198,1891.758,1891.728,1892.178,1889.408,1889.948
2022.06.03 08:30,390K,325K,Bad,1866.403,1867.098,1866.214,1867.076,1867.158,1867.738,1866.648,1866.738,1866.733,1866.738,1865.024,1865.273,1865.283,1865.323,1864.068,1864.158,1864.158,1865.728,1864.078,1865.058,1864.998,1865.118,1863.268,1863.614,1863.628,1864.678,1863.488,1864.678,1864.628,1866.213,1863.813,1865.113,1865.158,1866.683,1864.998,1866.558,1866.558,1866.558,1865.194,1866.023,1866.033,1866.756,1863.324,1863.433,1863.433,1863.763,1862.343,1863.308,1863.346,1865.668,1859.866,1857.053,1863.628,1863.798,1856.953,1857.053,1857.058,1859.398,1856.528,1858.598,1858.598,1861.168,1857.483,1858.588,1858.578,1860.713,1858.284,1859.908,1859.893,1860.043,1857.728,1858.248,1858.318,1859.058,1856.998,1858.946,1858.978,1859.778,1857.458,1857.918,1858.018,1860.836,1857.358,1859.948,1859.777,1860.876,1859.597,1860.308,1860.308,1860.903,1859.268,1860.898,1860.898,1861.928,1860.538,1860.648,1860.693,1863.313,1860.538,1862.808,1862.758,1863.263,1859.688,1859.903,1859.903,1861.878,1859.578,1860.678,1860.768,1862.808,1859.523,1862.738,1862.726,1864.483,1862.693,1864.188,1864.248,1864.408,1862.928,1863.108,1863.308,1864.708,1862.883,1863.208,1863.228,1865.096,1862.748,1864.688,1864.693,1864.908,1861.598,1862.243,1862.263,1863.013,1861.638,1861.793,1861.843,1861.843,1859.558,1859.828,1859.678,1860.493,1858.917,1859.113,1859.108,1861.133,1858.498,1860.988,1861.008,1861.368,1859.098,1859.258,1859.207,1859.868,1857.544,1859.868,1859.818,1860.243,1859.223,1859.388,1859.393,1859.708,1857.494,1858.228,1858.228,1858.954,1857.579,1857.618,1857.623,1857.808,1854.963,1855.168,1855.168,1856.773,1855.046,1856.768,1856.768,1856.768,1855.428,1856.258,1856.258,1856.268,1855.168,1855.183,1855.208,1855.408,1852.704,1852.748,1852.766,1853.388,1851.674,1852.898,1852.893,1853.888,1852.748,1853.443
2022.07.08 08:30,372K,268K,Bad,1740.118,1741.938,1740.118,1741.274,1741.258,1741.838,1741.018,1741.038,1741.038,1741.518,1740.818,1741.504,1741.498,1742.048,1740.548,1741.978,1741.968,1742.045,1740.999,1741.119,1741.119,1741.848,1740.678,1740.848,1740.848,1742.198,1740.478,1741.768,1741.758,1742.498,1741.404,1741.438,1741.438,1744.248,1741.058,1744.184,1744.184,1745.474,1743.804,1743.804,1743.754,1743.778,1738.923,1740.718,1740.638,1741.431,1739.563,1740.81,1740.81,1742.398,1732.919,1738.904,1742.204,1742.428,1737.184,1738.904,1738.828,1738.838,1736.003,1736.429,1736.458,1736.948,1734.138,1734.154,1734.154,1740.218,1734.154,1739.108,1739.039,1739.978,1737.898,1738.389,1738.454,1741.588,1737.819,1740.258,1740.258,1740.958,1738.009,1738.948,1738.918,1740.188,1738.234,1740.084,1740.104,1743.574,1739.757,1742.314,1742.354,1742.704,1740.418,1741.844,1741.848,1742.608,1740.708,1741.608,1741.608,1742.654,1740.218,1740.964,1740.964,1742.368,1740.234,1740.608,1740.608,1740.608,1738.732,1738.924,1738.974,1739.918,1737.028,1737.814,1737.784,1738.378,1736.284,1737.604,1737.644,1738.074,1736.39,1736.768,1736.768,1739.634,1736.634,1739.404,1739.514,1739.644,1737.624,1738.764,1738.713,1744.398,1738.314,1743.278,1743.297,1743.554,1742.078,1742.734,1742.824,1743.013,1741.588,1742.104,1742.082,1743.924,1741.982,1743.434,1743.437,1746.704,1743.434,1745.878,1745.878,1747.934,1745.549,1746.424,1746.474,1748.458,1746.148,1748.438,1748.478,1752.387,1748.478,1749.198,1749.208,1749.348,1746.261,1746.764,1746.798,1748.094,1746.334,1747.814,1747.814,1748.748,1747.178,1748.228,1748.228,1748.317,1746.738,1746.804,1746.794,1746.824,1745.114,1745.681,1745.681,1746.088,1743.648,1744.004,1744.004,1744.507,1743.347,1743.814,1743.814,1744.994,1743.704,1744.994,1744.898,1745.477,1744.704,1744.904
2022.08.05 08:30,528K,250K,Bad,1786.36,1787.33,1786.33,1787.118,1787.098,1787.478,1786.88,1787.374,1787.374,1787.934,1787.328,1787.754,1787.754,1787.844,1786.425,1786.98,1786.97,1788.448,1786.72,1787.918,1787.888,1788.048,1787.098,1787.75,1787.75,1788.28,1787.24,1788.02,1788.02,1788.438,1787.408,1788.358,1788.358,1788.868,1787.348,1788.307,1788.278,1788.478,1787.148,1787.208,1787.188,1789.123,1786.888,1786.964,1786.978,1788.824,1786.978,1788.58,1788.58,1788.58,1773.308,1775.468,1777.417,1778.328,1774.308,1775.468,1775.468,1777.229,1773.377,1773.638,1773.728,1774.018,1770.758,1771.068,1771.068,1772.254,1769.738,1770.112,1770.074,1770.294,1767.332,1768.902,1768.894,1770.427,1765.707,1767.867,1767.867,1769.057,1765.858,1766.814,1766.764,1767.592,1764.907,1766.418,1766.437,1769.018,1766.248,1768.034,1768.037,1768.948,1766.327,1768.804,1768.834,1770.968,1768.298,1770.437,1770.427,1773.452,1769.187,1772.348,1772.348,1772.424,1769.657,1770.324,1770.297,1772.217,1768.988,1771.877,1771.907,1772.424,1769.028,1770.287,1770.297,1773.787,1769.977,1773.548,1773.594,1775.027,1772.218,1774.847,1774.834,1776.348,1773.127,1774.948,1775.085,1776.692,1773.918,1776.347,1776.337,1779.064,1775.534,1777.977,1777.977,1778.414,1775.998,1776.907,1776.907,1778.308,1776.207,1776.207,1776.238,1777.368,1774.888,1776.988,1776.998,1778.474,1775.757,1776.607,1776.607,1778.193,1776.284,1776.474,1776.498,1777.968,1775.458,1775.568,1775.588,1776.738,1775.064,1775.748,1775.737,1777.358,1775.388,1776.514,1776.514,1778.058,1775.864,1777.848,1777.847,1777.888,1775.114,1775.827,1775.844,1776.327,1775.028,1775.867,1775.884,1776.474,1775.004,1776.128,1776.148,1776.838,1775.794,1776.554,1776.564,1777.173,1775.427,1776.034,1776.144,1776.464,1774.177,1774.408,1774.404,1776.644,1774.358,1775.718
2022.09.02 08:30,315K,300K,Good,1705.538,1706.018,1705.098,1705.364,1705.384,1705.408,1704.904,1705.058,1705.088,1705.288,1704.754,1704.886,1704.883,1706.198,1704.823,1706.018,1706.018,1706.838,1705.638,1706.398,1706.428,1706.538,1705.424,1705.698,1705.728,1706.524,1704.948,1705.143,1705.124,1706.518,1705.124,1705.434,1705.464,1705.574,1704.814,1705.418,1705.398,1706.054,1705.208,1705.574,1705.574,1705.874,1704.648,1704.804,1704.814,1705.428,1704.098,1704.974,1704.994,1714.684,1704.884,1707.798,1709.535,1711.721,1707.308,1707.798,1707.928,1710.644,1704.304,1704.348,1704.224,1706.304,1704.148,1704.894,1704.828,1708.404,1704.724,1707.228,1707.328,1708.804,1707.114,1708.734,1708.734,1710.138,1706.028,1707.068,1707.126,1709.014,1706.634,1708.834,1708.864,1710.004,1708.364,1709.12,1709.12,1709.981,1708.465,1709.964,1709.984,1712.598,1709.934,1711.324,1711.334,1711.404,1709.724,1710.354,1710.368,1711.984,1708.894,1711.089,1711.089,1711.408,1708.824,1710.018,1709.998,1710.411,1708.318,1709.054,1709.054,1711.884,1709.054,1711.681,1711.691,1712.794,1710.204,1710.334,1710.334,1712.958,1710.334,1712.064,1712.064,1713.844,1711.218,1712.64,1712.63,1713.354,1711.294,1711.537,1711.564,1712.384,1711.064,1711.764,1711.784,1713.664,1711.644,1713.084,1713.084,1713.844,1712.115,1712.134,1712.154,1714.114,1712.154,1713.684,1713.694,1714.354,1713.448,1713.814,1713.898,1714.884,1713.278,1714.798,1714.798,1716.298,1714.798,1715.354,1715.354,1717.164,1715.354,1716.444,1716.448,1717.878,1715.874,1717.724,1717.714,1717.798,1716.448,1717.124,1717.138,1717.494,1716.394,1716.945,1716.945,1717.254,1716.198,1716.754,1716.754,1717.074,1715.418,1716.379,1716.358,1716.534,1715.384,1715.824,1715.814,1716.128,1714.628,1715.218,1715.218,1715.248,1713.478,1714.074,1714.064,1714.384,1713.288,1713.388
2022.10.07 08:30,315K,275K,Good,1707.338,1710.857,1707.338,1710.397,1710.402,1710.678,1707.481,1707.804,1707.774,1708.354,1707.424,1707.694,1707.754,1708.184,1707.538,1707.864,1707.878,1709.928,1707.878,1709.004,1709.004,1709.378,1708.014,1709.122,1709.122,1710.564,1708.514,1709.464,1709.474,1710.025,1708.554,1709.504,1709.564,1710.492,1709.314,1709.675,1709.714,1710.268,1708.984,1709.664,1709.637,1710.058,1708.634,1709.188,1709.188,1710.708,1708.598,1710.037,1710.158,1710.518,1701.298,1707.414,1709.037,1713.284,1703.797,1707.414,1707.394,1707.434,1700.978,1701.104,1701.104,1702.804,1694.533,1695.152,1695.114,1697.768,1690.504,1694.858,1694.888,1698.718,1694.338,1697.838,1697.838,1700.618,1696.948,1698.718,1698.718,1699.087,1695.984,1698.694,1698.674,1704.904,1698.144,1703.668,1703.628,1704.828,1702.872,1704.258,1704.308,1704.314,1701.164,1701.425,1701.425,1701.758,1700.154,1701.238,1701.238,1702.914,1698.596,1702.814,1702.838,1703.388,1699.068,1700.898,1701.004,1703.268,1698.408,1698.954,1698.994,1702.424,1697.797,1698.544,1698.544,1699.628,1696.958,1698.324,1698.218,1700.574,1697.418,1697.855,1697.91,1698.208,1693.777,1694.408,1694.414,1696.578,1693.978,1694.576,1694.576,1696.514,1694.228,1695.754,1695.774,1698.964,1694.974,1698.628,1698.598,1701.208,1698.178,1700.334,1700.334,1700.808,1697.594,1698.131,1698.168,1698.784,1697.244,1697.564,1697.538,1698.048,1696.208,1697.568,1697.568,1700.014,1697.284,1699.814,1699.834,1703.964,1699.764,1703.914,1703.914,1703.964,1701.978,1702.714,1702.744,1702.804,1701.344,1701.824,1701.774,1703.448,1701.558,1703.357,1703.357,1703.744,1701.116,1701.634,1701.624,1702.934,1701.474,1702.194,1702.164,1702.318,1699.949,1699.949,1699.954,1700.808,1699.448,1700.314,1700.314,1701.298,1699.954,1701.078,1701.118,1701.292,1700.024,1701.074
2022.11.04 08:30,284K,200K,Bad,1650.057,1651.398,1643.198,1648.767,1648.748,1656.238,1648.527,1652.838,1652.888,1656.288,1652.187,1655.958,1656.008,1659.158,1655.617,1657.388,1657.408,1658.438,1655.247,1657.458,1657.458,1660.448,1655.957,1659.468,1659.468,1662.998,1658.718,1662.088,1662.107,1663.898,1660.707,1662.248,1662.227,1665.438,1662.038,1664.918,1664.867,1666.878,1664.427,1665.878,1665.848,1666.948,1662.968,1663.727,1663.778,1665.028,1663.617,1664.438,1664.427,1666.128,1663.047,1663.648,1665.058,1665.688,1663.108,1663.648,1663.657,1664.348,1662.117,1662.588,1662.597,1664.108,1661.828,1661.958,1661.988,1665.298,1661.278,1665.048,1665.148,1667.758,1665.127,1667.288,1667.207,1668.598,1666.037,1667.177,1667.168,1670.357,1666.787,1669.738,1669.727,1670.758,1668.958,1670.048,1670.007,1672.858,1669.958,1670.285,1670.285,1671.048,1669.247,1670.618,1670.668,1672.508,1670.668,1670.998,1671.038,1673.588,1670.947,1672.988,1673.048,1674.338,1672.358,1673.728,1673.768,1675.248,1672.148,1672.658,1672.608,1674.738,1672.567,1674.297,1674.297,1674.588,1671.758,1673.118,1673.147,1673.658,1671.948,1673.068,1673.057,1674.528,1672.637,1673.638,1673.577,1673.908,1671.407,1672.118,1672.168,1673.868,1672.068,1672.927,1672.908,1673.618,1672.388,1672.568,1672.557,1673.768,1672.128,1673.688,1673.648,1673.748,1670.188,1670.428,1670.387,1671.948,1670.188,1670.788,1670.798,1671.998,1670.578,1671.085,1671.085,1671.408,1670.058,1671.138,1671.097,1672.248,1670.398,1672.058,1672.047,1672.598,1670.398,1671.328,1671.317,1671.688,1670.288,1671.068,1670.987,1671.168,1667.628,1668.308,1668.268,1670.378,1667.978,1670.258,1670.228,1670.848,1669.718,1670.528,1670.518,1672.388,1670.307,1671.968,1671.988,1672.608,1670.857,1672.098,1672.077,1673.018,1671.818,1672.798,1672.737,1674.048,1672.398,1673.858
2022.12.02 08:30,263K,200K,Bad,1798.397,1798.788,1798.028,1798.397,1798.378,1798.768,1797.988,1798.717,1798.717,1798.727,1797.978,1798.098,1798.158,1798.598,1798.018,1798.278,1798.218,1798.778,1797.658,1797.778,1797.737,1799.298,1797.737,1799.198,1799.157,1800.908,1798.978,1799.257,1799.257,1800.378,1798.758,1799.408,1799.427,1799.688,1798.828,1799.567,1799.558,1800.087,1798.637,1799.728,1799.807,1800.448,1799.107,1799.398,1799.398,1799.398,1796.738,1797.928,1798.018,1798.247,1782.587,1787.497,1786.738,1788.007,1783.447,1787.497,1787.487,1788.048,1780.868,1783.488,1783.447,1783.748,1778.418,1781.948,1781.888,1785.898,1780.457,1784.198,1784.198,1786.218,1782.487,1785.538,1785.538,1786.128,1782.128,1782.705,1782.705,1783.478,1781.578,1782.868,1782.897,1785.658,1782.678,1784.408,1784.428,1785.448,1783.298,1783.888,1783.887,1786.068,1783.268,1785.907,1785.948,1786.858,1784.848,1785.678,1785.678,1785.717,1782.818,1785.358,1785.287,1786.878,1784.148,1784.878,1784.857,1784.937,1781.837,1782.707,1782.707,1786.318,1782.415,1783.768,1783.697,1784.658,1782.848,1784.658,1784.627,1785.668,1783.767,1785.527,1785.548,1786.948,1783.928,1784.348,1784.237,1784.808,1783.037,1784.438,1784.387,1786.868,1784.367,1786.458,1786.387,1786.518,1784.338,1785.048,1784.998,1785.158,1783.318,1783.648,1783.577,1783.648,1780.777,1782.048,1782.048,1784.988,1780.907,1784.702,1784.647,1785.278,1783.527,1784.748,1784.687,1785.428,1784.318,1785.078,1785.017,1785.718,1784.608,1785.658,1785.597,1786.938,1784.568,1786.548,1786.528,1786.528,1785.058,1785.568,1785.527,1786.097,1784.417,1785.578,1785.587,1787.718,1785.478,1787.648,1787.617,1789.928,1786.697,1789.588,1789.628,1789.808,1787.708,1788.308,1788.308,1789.538,1787.788,1789.438,1789.407,1790.658,1788.858,1790.418,1790.408,1793.178,1790.137,1792.708
2023.01.06 08:30,223K,203K,Good,1836.925,1837.615,1836.088,1836.195,1836.195,1836.395,1835.015,1836.195,1836.198,1836.585,1835.928,1836.335,1836.315,1836.615,1836.005,1836.035,1836.015,1836.888,1835.818,1836.518,1836.518,1836.745,1835.948,1836.228,1836.288,1836.778,1834.985,1835.695,1835.668,1836.555,1835.215,1836.425,1836.455,1837.685,1836.105,1837.358,1837.358,1837.858,1835.678,1835.848,1835.848,1836.728,1834.518,1834.725,1834.667,1836.235,1834.638,1835.527,1835.515,1843.468,1834.477,1838.937,1839.765,1841.298,1837.215,1838.937,1838.977,1849.475,1838.977,1847.648,1847.685,1850.825,1847.385,1847.528,1847.578,1851.198,1847.505,1849.845,1849.815,1852.475,1849.775,1851.635,1851.625,1852.498,1848.065,1848.065,1848.098,1849.595,1845.945,1846.205,1846.258,1847.948,1845.565,1847.135,1847.135,1847.905,1845.678,1845.915,1845.895,1845.955,1843.317,1845.845,1845.855,1847.455,1845.345,1845.785,1845.808,1848.715,1845.295,1848.135,1848.135,1848.795,1844.885,1845.665,1845.655,1845.848,1840.945,1841.535,1841.515,1842.855,1840.575,1841.705,1841.685,1844.735,1841.055,1843.708,1843.668,1844.835,1842.345,1843.408,1843.435,1854.528,1843.435,1851.747,1851.807,1860.195,1851.807,1858.907,1858.907,1861.025,1857.888,1858.618,1858.658,1861.748,1858.658,1861.075,1861.075,1861.985,1859.825,1860.585,1860.595,1861.035,1857.235,1857.555,1857.545,1862.035,1857.455,1860.185,1860.125,1861.305,1859.327,1860.435,1860.415,1863.015,1860.245,1861.398,1861.398,1862.885,1861.325,1862.715,1862.765,1863.085,1861.885,1862.275,1862.295,1862.955,1861.415,1862.225,1862.225,1862.935,1861.865,1862.598,1862.605,1864.218,1861.898,1863.555,1863.575,1863.735,1861.955,1862.008,1862.007,1862.275,1860.055,1860.055,1860.085,1861.245,1859.947,1860.995,1861.015,1861.235,1860.198,1860.288,1860.288,1861.635,1860.288,1861.408
2023.02.03 08:30,504K,187K,Bad,1915.335,1916.575,1915.235,1915.755,1915.765,1916.235,1915.655,1916.165,1916.165,1916.805,1915.795,1915.795,1915.815,1916.985,1915.815,1916.355,1916.335,1916.615,1915.775,1916.185,1916.205,1916.255,1915.068,1915.108,1915.098,1915.755,1914.505,1914.715,1914.735,1915.825,1914.715,1915.345,1915.335,1915.475,1914.127,1914.825,1914.858,1915.535,1913.995,1914.668,1914.668,1916.585,1914.225,1914.338,1914.325,1914.325,1912.368,1913.438,1913.508,1913.578,1894.008,1892.607,1896.615,1897.537,1890.927,1892.607,1892.607,1892.777,1886.405,1887.967,1887.927,1888.897,1883.655,1884.505,1884.485,1888.935,1882.655,1888.505,1888.395,1890.295,1883.925,1886.675,1886.635,1886.635,1883.685,1883.845,1883.855,1884.785,1881.185,1883.885,1883.845,1885.445,1882.255,1883.245,1883.265,1885.085,1875.065,1877.915,1877.735,1881.905,1876.947,1881.905,1882.235,1882.235,1880.665,1880.798,1880.798,1884.415,1878.145,1882.495,1882.495,1885.795,1881.048,1884.785,1884.785,1885.905,1883.195,1883.777,1883.777,1885.725,1882.115,1882.845,1882.835,1882.935,1879.655,1880.115,1880.167,1883.005,1879.625,1882.515,1882.515,1882.515,1873.787,1873.835,1873.795,1874.295,1869.905,1871.685,1871.625,1876.305,1868.995,1876.125,1876.125,1879.998,1874.995,1876.477,1876.495,1878.885,1875.335,1876.385,1876.448,1877.205,1874.935,1875.515,1875.525,1876.648,1873.267,1876.625,1876.648,1877.305,1874.755,1875.795,1875.775,1877.925,1874.045,1876.855,1876.875,1877.248,1875.165,1875.285,1875.295,1875.295,1871.748,1872.035,1872.055,1874.115,1870.528,1872.985,1872.975,1874.948,1872.795,1873.835,1873.825,1873.845,1870.805,1871.185,1871.195,1871.645,1869.815,1870.305,1870.285,1871.035,1866.958,1867.685,1867.715,1869.245,1867.648,1867.748,1867.755,1867.848,1865.748,1866.048,1866.048,1867.605,1865.605,1866.275
2023.03.10 08:30,311K,205K,Bad,,,,,,,,,,,,,,,,,,,,,,,,,,,,,,,,,,,,,,,,,,,,,,,,,,,,,,,,,,,,,,,,,,,,,,,,,1842.375,1843.615,1839.885,1843.305,1843.265,1844.945,1842.898,1844.848,1844.828,1847.135,1843.335,1845.005,1845.005,1846.855,1843.525,1846.655,1846.645,1849.025,1845.725,1848.535,1848.505,1849.598,1847.964,1849.365,1849.355,1852.148,1848.804,1851.478,1851.478,1856.988,1851.478,1856.114,1856.088,1858.848,1856.064,1858.295,1858.485,1858.485,1855.508,1856.525,1856.545,1858.885,1855.398,1858.175,1858.154,1860.225,1856.645,1858.274,1858.278,1861.805,1858.165,1860.235,1860.245,1861.948,1859.448,1859.465,1859.445,1860.348,1857.548,1859.315,1859.315,1861.398,1859.108,1860.098,1860.085,1863.665,1859.898,1863.625,1863.635,1864.415,1862.645,1863.938,1863.938,1866.365,1863.915,1865.975,1865.995,1866.565,1863.825,1864.995,1865.025,1866.665,1863.875,1866.555,1866.548,1867.348,1865.435,1866.175,1866.195,1866.485,1863.905,1864.095,1864.105,1865.355,1862.565,1862.975,1862.985,1863.915,1862.225,1862.225,1862.235,1862.685,1860.715,1861.425,1861.405,1861.915,1859.0,1859.0,1859.0,1859.575,1856.745,1856.775,1856.785,1858.295,1855.725,1856.485,1856.375,1858.435,1855.565,1856.035,1856.055,1856.915,1854.425,1854.565
2023.04.07 08:30,236K,239K,Good,,,,,,,,,,,,,,,,,,,,,,,,,,,,,,,,,,,,,,,,,,,,,,,,,,,,,,,,,,,,,,,,,,,,,,,,,,,,,,,,,,,,,,,,,,,,,,,,,,,,,,,,,,,,,,,,,,,,,,,,,,,,,,,,,,,,,,,,,,,,,,,,,,,,,,,,,,,,,,,,,,,,,,,,,,,,,,,,,,,,,,,,,,,,,,,,,,,,
2023.05.05 08:30,294K,180K,Bad,2037.925,2038.105,2037.105,2037.285,2037.295,2037.445,2036.085,2036.515,2036.495,2036.565,2035.345,2035.705,2035.705,2036.585,2035.565,2035.985,2035.965,2035.965,2034.735,2035.115,2035.095,2035.445,2034.695,2035.375,,,,,,,,,,,,,,,,,,,,,,,,,,,,,,,,,,,,,,,,,,,,,,,,,2010.335,2013.014,2008.885,2009.775,2009.764,2012.095,2008.165,2011.534,2011.474,2012.324,2007.834,2010.254,2010.254,2011.684,2009.895,2010.944,2011.044,2011.154,2004.404,2005.935,2005.975,2008.904,2005.975,2008.114,2008.114,2011.674,2007.165,2007.224,2007.224,2008.174,2005.044,2006.604,2006.614,2007.434,2004.464,2005.184,2005.154,2005.974,2002.005,2002.475,2002.494,2003.964,2000.865,2003.824,2003.825,2005.504,2003.485,2003.834,,,,,,,,,,,,,,,,,,,,,,,,,,,,,,,,,,,,,,,,,,,,,,,,,2010.665,2010.774,2007.744,2009.274,2009.274,2010.984,2009.144,2010.634,2010.645,2011.814,2009.574,2011.474,2011.434,2011.954,2010.694,2011.794,2011.794,2013.684,2010.414,2013.604,2013.564,2014.244,2011.158,2011.524,2011.544,2012.994,2010.114,2012.884
2023.06.02 08:30,339K,195K,Bad,,,,,,,,,,,,,,,,,,,,,,,,,,,,,,,,,,,,,,,,,,,,,,,,,,,,,,,,,,,,,,,,,,,,,,,,,1970.788,1972.134,1968.788,1971.408,1971.414,1974.385,1970.868,1973.825,1973.785,1974.685,1972.835,1973.754,1973.755,1974.608,1973.598,1973.608,1973.608,1974.905,1972.585,1974.665,1974.645,1976.454,1974.625,1975.995,1976.015,1976.075,1974.048,1974.588,1974.615,1974.615,1969.038,1969.038,1969.064,1969.528,1966.845,1968.045,1968.035,1968.265,1962.725,1962.794,1962.775,1964.195,1962.425,1963.285,1963.245,1963.278,1961.725,1963.278,,,,,,,,,,,,,,,,,,,,,,,,,,,,,,,,,,,,,,,,,,,,,,,,,1964.874,1965.388,1963.688,1964.004,1964.004,1964.865,1963.595,1964.144,1964.144,1965.145,1963.355,1964.975,1964.935,1964.935,1963.355,1963.355,1963.335,1963.745,1962.535,1963.555,1963.535,1964.135,1963.175,1963.635,1963.635,1963.855,1962.135,1962.365
2023.07.07 08:30,209K,225K,Good,,,,,,,,,,,,,,,,,,,,,,,,,1917.415,1918.495,1916.975,1917.084,1917.084,1917.805,1916.885,1917.505,1917.485,1917.885,1916.605,1916.925,1916.935,1917.395,1914.255,1914.365,1914.295,1916.295,1914.195,1915.655,1915.585,1920.884,1914.958,1920.884,1921.078,1927.914,1917.118,1922.864,1926.174,1926.754,1921.838,1922.864,1922.814,1923.184,1918.324,1919.894,1919.894,1920.995,1918.264,1920.335,1920.335,1922.955,1920.135,1922.205,1922.195,1923.124,1918.598,1918.654,,,,,,,,,,,,,,,,,,,,,,,,,,,,,,,,,,,,,,,,,,,,,,,,,1923.144,1924.615,1921.165,1924.535,1924.535,1927.055,1924.125,1926.845,1926.835,1927.838,1925.965,1927.258,1927.235,1928.615,1926.664,1928.615,1928.605,1929.088,1927.968,1928.318,1928.325,1928.435,1926.935,1927.925,1927.945,1930.028,1927.534,1930.018,1929.964,1932.185,1929.528,1931.178,1931.155,1933.208,1931.155,1932.374,1932.375,1933.325,1931.348,1932.465,1932.455,1933.795,1931.925,1933.775,1933.785,1933.995,1932.978,1933.595,,,,,,,,,,,,,,,,,,,,,,,,,,,,
2023.08.04 08:30,187K,200K,Good,1932.825,1932.885,1932.008,1932.075,1932.105,1932.525,1931.698,1931.848,1931.878,1932.435,1931.785,1932.218,1932.215,1932.975,1931.235,1931.825,1931.805,1932.775,1931.705,1932.715,1932.735,1933.015,1931.955,1932.185,1932.205,1932.275,1930.865,1931.078,1931.095,1931.375,1930.295,1930.945,1930.935,1931.525,1930.465,1931.195,1931.195,1931.615,1930.725,1931.265,1931.255,1932.825,1930.435,1932.515,1932.495,1932.835,1931.835,1932.135,1932.165,1938.135,1924.898,1937.254,1935.165,1937.754,1933.645,1937.254,1937.264,1942.638,1936.278,1939.625,1939.605,1942.095,1938.554,1941.365,1941.395,1942.205,1939.314,1941.515,1941.495,1941.945,1938.648,1938.945,1938.915,1942.895,1938.595,1942.795,1942.765,1944.595,1942.488,1943.275,1943.205,1944.035,1942.385,1943.645,1943.755,1943.865,1940.945,1940.945,1940.935,1943.375,1940.385,1940.435,1940.455,1941.995,1939.735,1941.705,1941.735,1944.075,1941.735,1942.905,1942.925,1946.798,1942.365,1945.238,1945.245,1946.275,1944.285,1946.035,1945.935,1946.635,1944.545,1945.645,1945.588,1946.215,1943.935,1943.995,1943.975,1944.805,1942.435,1943.355,1943.278,1943.278,1941.815,1942.045,1941.985,1942.335,1940.255,1941.235,1941.255,1942.925,1941.005,1942.325,1942.335,1943.745,1942.095,1943.455,1943.515,1943.715,1942.455,1943.025,1943.035,1943.555,1941.435,1941.475,1941.435,1943.905,1941.185,1943.105,1942.965,1943.225,1942.045,1942.195,1942.365,1942.695,1940.675,1942.265,1942.275,1942.365,1940.085,1940.225,1940.125,1940.855,1939.175,1939.225,1939.205,1939.625,1938.785,1938.945,1938.925,1939.175,1937.485,1938.135,1938.155,1939.075,1937.775,1939.005,1939.105,1940.205,1939.025,1939.565,1939.615,1940.235,1939.615,1940.045,1940.055,1941.435,1939.975,1941.285,1941.345,1941.405,1940.198,1940.298,1940.295,1941.665,1940.265,1940.618
2023.09.01 08:30,187K,170K,Good,1944.875,1945.785,1944.875,1945.028,1945.055,1945.505,1944.418,1944.468,1944.468,1944.668,1943.878,1943.988,1943.978,1944.468,1943.968,1944.328,1944.305,1944.488,1944.025,1944.458,1944.415,1944.545,1944.198,1944.365,1944.348,1945.258,1944.138,1945.205,1945.185,1945.595,1944.665,1945.505,1945.485,1946.175,1945.275,1945.875,1945.825,1946.254,1945.608,1946.028,1946.028,1946.228,1944.344,1944.865,1944.865,1946.355,1944.755,1945.704,1945.704,1952.905,1944.714,1950.885,1950.885,1951.495,1949.255,1950.885,1950.905,1951.705,1948.045,1948.215,1948.225,1951.525,1947.815,1951.405,1951.415,1952.175,1948.205,1948.605,1948.595,1949.885,1947.145,1949.805,1949.815,1950.475,1948.435,1948.515,1948.525,1949.185,1947.465,1949.135,1949.145,1950.035,1948.365,1949.385,1949.395,1950.085,1947.655,1948.745,1948.815,1949.355,1946.755,1946.835,1946.855,1948.265,1946.245,1948.265,1948.285,1950.275,1947.445,1950.095,1950.115,1951.438,1946.705,1946.975,1946.975,1946.975,1943.735,1945.674,1945.664,1945.664,1941.974,1942.864,1942.794,1942.794,1940.005,1941.465,1941.455,1944.255,1941.325,1943.708,1943.674,1943.674,1937.615,1940.895,1940.865,1941.485,1938.805,1940.895,1940.875,1942.525,1940.115,1941.165,1941.175,1941.175,1937.435,1938.945,1938.975,1939.375,1937.675,1937.865,1937.885,1938.135,1935.668,1936.725,1936.745,1937.005,1934.545,1934.895,1934.895,1937.295,1934.355,1936.975,1936.995,1938.555,1936.355,1938.395,1938.425,1938.585,1937.005,1937.575,1937.535,1939.195,1937.315,1938.895,1938.905,1940.105,1938.298,1940.005,1939.995,1940.425,1939.245,1940.045,1940.055,1940.275,1939.265,1940.005,1940.025,1940.415,1939.035,1939.095,1939.085,1939.085,1938.055,1938.378,1938.345,1938.368,1937.415,1937.495,1937.515,1938.005,1936.858,1937.705,1937.725,1938.195,1936.615,1937.035
2023.10.06 08:30,336K,170K,Bad,1821.585,1821.625,1820.565,1820.785,1820.765,1821.745,1820.725,1821.305,1821.315,1821.715,1821.275,1821.705,1821.715,1821.895,1821.428,1821.718,1821.688,1822.208,1821.568,1821.998,1821.974,1822.108,1820.738,1821.175,1821.155,1821.625,1820.355,1820.405,1820.385,1821.385,1820.085,1820.745,1820.745,1821.195,1820.335,1820.885,1820.905,1821.445,1820.655,1821.015,1820.905,1820.905,1819.505,1819.675,1819.695,1820.328,1819.155,1819.335,1819.355,1819.815,1810.905,1813.515,1811.075,1814.925,1811.075,1813.515,1813.505,1814.565,1811.488,1812.245,1812.255,1814.425,1810.288,1812.945,1812.905,1814.158,1810.945,1813.345,1813.365,1815.935,1813.135,1814.995,1815.015,1817.105,1813.815,1816.375,1816.425,1819.495,1816.068,1817.775,1817.765,1820.605,1817.415,1818.498,1818.498,1819.605,1817.925,1819.015,1819.005,1823.665,1818.955,1823.318,1823.338,1824.215,1821.855,1823.725,1823.755,1825.935,1822.145,1822.255,1822.255,1822.745,1819.705,1820.365,1820.338,1821.445,1818.245,1820.465,1820.495,1820.995,1816.515,1816.515,1816.505,1820.465,1816.265,1820.345,1820.325,1821.195,1818.698,1821.175,1821.225,1823.608,1820.805,1823.578,1823.598,1824.125,1822.285,1823.725,1823.705,1826.708,1822.915,1824.545,1824.565,1826.105,1824.195,1825.184,1825.204,1828.365,1824.858,1827.925,1827.935,1829.365,1827.308,1829.335,1829.315,1831.385,1828.225,1828.385,1828.385,1829.835,1826.998,1829.455,1829.485,1829.615,1826.408,1826.718,1826.718,1827.548,1825.555,1825.718,1825.718,1825.718,1823.665,1823.665,1823.695,1824.068,1822.558,1823.475,1823.465,1825.725,1823.465,1825.695,1825.765,1826.565,1825.275,1826.478,1826.465,1830.635,1826.395,1829.715,1829.725,1830.615,1828.875,1829.058,1829.035,1831.345,1828.608,1831.345,1831.435,1834.665,1831.035,1833.195,1833.215,1834.535,1832.275,1832.445
2023.11.03 08:30,150K,180K,Good,1988.525,2002.195,1988.478,1999.745,1999.705,2002.515,1999.175,2001.315,2001.315,2003.698,2000.475,2003.268,2003.248,2003.968,2002.515,2002.605,2002.615,2002.715,1999.965,2000.495,2000.505,2000.915,1999.325,2000.075,2000.045,2000.425,1995.735,1998.605,1998.635,2001.295,1998.595,1999.088,1999.045,2001.215,1997.988,2000.995,2001.015,2001.685,1998.765,2000.145,2000.205,2001.385,1993.875,1995.425,1995.375,1995.375,1986.325,1988.995,1989.005,1994.635,1987.845,1996.244,1993.635,1997.105,1992.965,1996.244,1996.244,1999.275,1995.134,1998.598,1998.598,1999.928,1995.955,1996.515,1996.525,1998.015,1993.905,1995.455,1995.575,1997.985,1994.745,1995.225,1995.254,1999.015,1992.445,1996.238,1996.235,1996.938,1993.265,1994.888,1994.855,1995.995,1991.548,1991.618,1991.618,1993.795,1990.125,1993.035,1992.995,1995.115,1992.375,1993.745,1993.715,1994.405,1988.565,1989.535,1989.445,1993.198,1988.545,1992.155,1992.145,1994.785,1992.035,1994.345,1994.335,1994.635,1991.685,1992.775,1992.795,1994.755,1992.405,1994.165,1994.215,1994.785,1993.145,1994.345,1994.375,1995.248,1993.945,1994.305,1994.305,1995.178,1993.915,1994.255,1994.285,1995.495,1993.575,1994.585,1994.525,1995.615,1993.395,1995.245,1995.275,1995.435,1992.524,1993.095,1993.115,1993.855,1991.925,1993.775,1993.755,1994.895,1992.735,1993.665,1993.715,1994.815,1993.435,1994.685,1994.705,1995.695,1993.475,1993.915,1993.885,1993.985,1993.088,1993.308,1993.338,1993.618,1990.775,1991.625,1991.655,1993.295,1991.655,1992.615,1992.625,1992.995,1991.528,1991.635,1991.725,1992.945,1991.705,1992.815,1992.835,1993.185,1991.205,1991.795,1991.795,1992.215,1989.195,1991.005,1991.005,1991.795,1990.515,1990.995,1990.948,1992.105,1990.685,1992.005,1992.075,1992.205,1989.505,1990.215,1990.235,1992.245,1989.705,1992.245
2023.12.08 08:30,199K,180K,Good,2029.084,2029.278,2028.258,2028.715,2028.745,2029.045,2028.308,2028.665,2028.645,2028.775,2027.995,2028.125,2028.145,2028.165,2026.915,2027.435,2027.445,2028.245,2027.265,2028.115,2028.135,2028.165,2027.165,2027.415,2027.465,2027.835,2026.458,2026.965,2026.865,2028.395,2026.595,2028.205,2028.185,2028.805,2027.565,2027.765,2027.785,2028.355,2027.215,2028.075,2028.165,2028.655,2027.065,2027.705,2027.715,2028.145,2026.845,2027.295,2027.295,2027.911,2015.625,2018.945,2017.795,2019.185,2014.315,2018.945,2018.945,2026.155,2017.755,2023.175,2023.125,2026.005,2021.355,2024.615,2024.595,2024.855,2019.585,2021.115,2021.115,2021.325,2017.635,2018.445,2018.445,2019.195,2013.735,2014.765,2014.775,2015.115,2012.245,2013.765,2013.755,2013.765,2009.475,2010.395,2010.375,2011.055,2007.415,2008.695,2008.675,2009.395,2003.415,2004.795,2004.855,2006.255,2002.495,2005.945,2005.985,2009.085,2004.205,2008.015,2008.035,2009.345,2005.825,2005.855,2005.838,2008.155,2005.415,2008.125,2008.105,2008.695,2006.714,2008.365,2008.385,2010.805,2008.385,2009.355,2009.358,2009.758,2007.925,2008.578,2008.535,2013.195,2006.855,2007.935,2007.885,2010.025,2006.105,2009.805,2009.855,2011.405,2009.005,2011.055,2011.045,2013.968,2010.185,2012.905,2012.915,2013.255,2011.165,2012.365,2012.385,2014.755,2011.365,2013.568,2013.568,2013.978,2011.885,2013.625,2013.645,2014.245,2011.215,2011.315,2011.245,2011.525,2009.865,2011.245,2011.255,2011.255,2007.985,2008.415,2008.315,2009.475,2007.575,2008.235,2008.245,2009.425,2008.245,2008.875,2008.885,2009.585,2006.965,2007.485,2007.448,2007.715,2005.444,2006.735,2006.745,2006.745,2003.305,2004.065,2004.165,2005.425,2003.485,2005.335,2005.335,2005.355,2003.378,2004.375,2004.375,2005.185,2003.815,2005.185,2005.185,2006.125,2004.595,2004.875
2024.01.05 08:30,216K,170K,Bad,2038.655,2039.645,2038.655,2039.645,2039.745,2040.575,2039.745,2040.215,2040.215,2040.465,2039.695,2039.995,2039.995,2040.935,2039.875,2040.475,2040.455,2040.845,2040.058,2040.595,2040.575,2040.595,2039.945,2040.115,2040.135,2041.084,2039.375,2040.305,2040.325,2041.505,2040.245,2040.605,2040.585,2040.835,2039.385,2040.835,2040.905,2041.115,2040.005,2040.835,2040.815,2041.685,2040.415,2040.575,2040.595,2040.755,2038.945,2038.985,2038.985,2038.985,2024.255,2027.145,2029.225,2030.685,2024.625,2027.145,2027.125,2034.465,2024.995,2033.815,2033.765,2034.305,2029.885,2033.985,2033.985,2041.778,2033.978,2039.975,2040.065,2040.655,2037.838,2039.905,2039.885,2043.828,2039.885,2043.605,2043.605,2046.115,2041.285,2041.335,2041.335,2042.115,2038.655,2039.625,2039.625,2044.488,2039.485,2042.725,2042.745,2045.035,2042.315,2043.555,2043.475,2048.575,2043.055,2046.715,2046.735,2049.145,2045.975,2046.225,2046.245,2046.505,2043.135,2043.135,2043.095,2045.875,2041.638,2044.435,2044.445,2046.355,2044.075,2045.235,2045.205,2047.875,2045.185,2046.815,2046.845,2047.518,2046.075,2046.585,2046.595,2059.025,2046.544,2057.325,2057.325,2060.415,2056.395,2060.188,2060.225,2063.265,2059.885,2059.968,2060.068,2060.768,2057.498,2058.745,2058.725,2063.835,2057.495,2063.115,2063.125,2063.838,2059.445,2059.595,2059.635,2062.585,2058.205,2061.725,2061.765,2062.625,2060.535,2060.925,2060.925,2062.365,2060.215,2060.565,2060.535,2061.215,2057.365,2057.485,2057.485,2058.235,2056.795,2057.615,2057.635,2057.775,2054.335,2054.745,2054.815,2055.745,2053.045,2053.295,2053.268,2054.005,2051.935,2053.445,2053.495,2056.155,2052.545,2055.635,2055.735,2056.075,2052.705,2052.775,2052.815,2052.815,2050.585,2051.105,2051.165,2051.695,2049.765,2050.435,2050.435,2051.825,2050.215,2051.635
2024.02.02 08:30,353K,180K,Bad,2055.685,2056.265,2055.435,2055.545,2055.525,2056.015,2055.345,2055.855,2055.835,2055.865,2054.895,2055.135,2055.165,2055.185,2053.705,2054.225,2054.205,2054.915,2054.205,2054.905,2054.905,2055.365,2054.505,2055.115,2055.185,2055.635,2054.655,2054.825,2054.785,2055.735,2054.675,2055.385,2055.435,2056.595,2055.295,2056.295,2056.345,2057.545,2055.595,2055.725,2055.805,2055.835,2053.005,2053.475,2053.495,2053.835,2051.568,2052.315,2052.295,2052.435,2040.345,2036.855,2041.275,2042.155,2035.675,2036.855,2036.865,2039.745,2032.795,2038.765,2038.765,2038.765,2033.195,2033.875,2033.855,2033.985,2032.085,2032.475,2032.425,2033.075,2029.535,2031.645,2031.595,2031.645,2027.635,2030.515,2030.605,2031.925,2028.795,2031.155,2031.145,2031.895,2030.065,2031.465,2031.535,2032.475,2030.525,2031.735,2031.665,2031.695,2029.855,2029.955,2030.005,2032.145,2029.805,2030.225,2030.205,2031.495,2028.148,2028.495,2028.398,2030.495,2027.745,2030.475,2030.475,2031.265,2027.835,2031.255,2031.255,2035.955,2031.255,2034.598,2034.554,2034.805,2032.225,2032.985,2033.045,2035.245,2033.045,2035.225,2035.185,2035.505,2031.505,2032.785,2032.724,2034.855,2031.465,2032.865,2032.865,2033.725,2031.075,2031.155,2031.168,2031.465,2029.485,2029.855,2029.845,2030.625,2029.775,2030.395,2030.425,2031.015,2028.398,2030.845,2030.835,2031.335,2028.935,2029.605,2029.545,2032.795,2029.395,2032.515,2032.475,2034.615,2032.475,2033.315,2033.305,2034.815,2033.184,2033.885,2033.835,2034.195,2033.228,2033.525,2033.525,2035.075,2032.685,2034.915,2034.935,2036.855,2034.215,2035.545,2035.575,2036.395,2034.935,2035.425,2035.438,2036.005,2034.505,2035.175,2035.104,2035.655,2034.205,2034.245,2034.225,2035.218,2033.975,2033.998,2034.018,2035.028,2033.938,2034.495,2034.495,2035.018,2033.245,2033.555
2024.03.08 08:30,275K,200K,Bad,2167.385,2167.495,2166.495,2167.215,2167.265,2167.585,2166.945,2166.945,2166.945,2167.505,2166.625,2167.305,2167.355,2167.415,2166.535,2166.865,2166.885,2167.165,2166.495,2166.735,2166.685,2166.775,2165.905,2165.905,2165.905,2166.575,2165.015,2166.105,2166.145,2166.215,2165.325,2165.425,2165.445,2165.595,2164.475,2165.155,2165.135,2165.415,2164.225,2164.865,2164.955,2166.945,2164.955,2166.355,2166.345,2167.515,2162.035,2164.125,2163.995,2183.065,2155.778,2180.005,2178.085,2180.625,2174.925,2180.005,2180.055,2185.305,2179.465,2180.625,2180.605,2181.328,2175.255,2175.945,2175.995,2176.715,2171.455,2173.505,2173.525,2174.665,2170.475,2171.065,2171.045,2174.625,2170.265,2173.455,2173.455,2173.455,2165.0,2165.395,2165.425,2170.765,2165.215,2167.475,2167.445,2170.335,2163.705,2169.325,2169.245,2172.095,2168.805,2170.078,2170.078,2171.045,2168.265,2169.415,2169.415,2171.435,2166.845,2169.285,2169.285,2169.385,2164.495,2166.155,2166.175,2170.408,2166.145,2169.478,2169.555,2173.278,2169.335,2170.835,2170.815,2171.625,2170.235,2170.465,2170.455,2171.525,2169.255,2170.715,2170.715,2173.195,2170.495,2172.375,2172.415,2173.175,2171.455,2172.085,2172.065,2172.195,2170.205,2170.645,2170.745,2171.435,2168.365,2168.585,2168.625,2170.215,2168.415,2168.915,2168.915,2170.058,2167.795,2169.875,2169.875,2174.035,2169.705,2173.625,2173.585,2175.745,2173.525,2174.248,2174.245,2174.805,2172.525,2172.968,2172.945,2175.018,2172.568,2174.774,2174.774,2175.718,2174.094,2175.718,2175.698,2177.245,2175.478,2177.115,2177.105,2177.515,2173.565,2173.885,2173.815,2174.635,2172.958,2173.528,2173.525,2173.735,2172.135,2173.005,2172.965,2175.435,2172.855,2174.815,2174.805,2174.835,2173.555,2173.805,2173.765,2174.585,2173.335,2174.495,2174.515,2177.005,2174.335,2176.145
2024.04.05 08:30,303K,214K,Bad,2293.378,2293.578,2292.815,2293.198,2293.205,2293.998,2292.588,2292.608,2292.608,2292.608,2291.708,2291.968,2292.008,2292.768,2291.948,2292.148,2292.148,2292.218,2291.078,2291.178,2291.154,2291.418,2289.698,2291.055,2290.905,2292.875,2290.455,2292.845,2292.848,2293.158,2290.815,2290.978,2290.978,2291.628,2290.358,2291.165,2291.165,2294.024,2290.958,2293.514,2293.514,2293.514,2290.204,2293.255,2293.235,2295.615,2291.874,2295.595,2295.785,2295.855,2280.235,2287.335,2285.934,2291.235,2282.815,2287.335,2287.245,2290.588,2285.025,2289.115,2289.158,2290.055,2284.505,2284.545,2284.575,2287.408,2284.135,2286.105,2286.145,2290.738,2285.355,2290.705,2290.738,2291.808,2288.738,2290.275,2290.245,2290.628,2287.385,2287.785,2287.785,2291.425,2286.945,2289.825,2289.825,2299.108,2289.825,2298.258,2298.258,2298.618,2293.208,2293.295,2293.305,2296.005,2292.915,2295.385,2295.405,2296.478,2292.155,2294.625,2294.625,2298.188,2294.435,2296.818,2296.818,2297.434,2293.165,2294.588,2294.588,2299.518,2293.895,2297.858,2297.805,2303.498,2297.515,2301.195,2301.368,2302.465,2298.525,2299.645,2299.615,2300.158,2295.975,2297.605,2297.605,2299.285,2295.795,2298.095,2298.095,2304.395,2297.995,2303.715,2303.728,2305.025,2299.488,2301.515,2301.525,2307.735,2301.025,2306.215,2306.215,2311.458,2304.925,2311.265,2311.285,2321.405,2310.075,2317.035,2317.095,2321.968,2316.765,2318.705,2318.995,2323.245,2318.205,2322.268,2322.245,2324.588,2320.705,2322.295,2322.245,2322.265,2315.845,2318.095,2318.075,2320.455,2316.945,2317.415,2317.428,2320.398,2315.124,2319.795,2319.828,2322.964,2319.475,2322.128,2322.155,2324.055,2321.145,2323.955,2323.975,2325.155,2322.695,2324.695,2324.715,2326.425,2323.855,2325.418,2325.418,2327.105,2324.348,2324.475,2324.705,2326.578,2322.648,2323.655
2024.05.03 08:30,175K,243K,Good,2298.715,2298.715,2297.065,2297.345,2297.265,2298.838,2297.185,2298.795,2298.798,2299.728,2298.508,2298.538,2298.528,2298.718,2297.605,2297.745,2297.765,2297.825,2297.028,2297.325,2297.285,2298.215,2296.525,2298.215,2298.195,2298.475,2296.795,2297.338,2297.335,2298.695,2296.864,2298.275,2298.275,2299.035,2297.985,2298.435,2298.435,2299.585,2297.905,2299.495,2299.495,2299.505,2294.475,2295.695,2295.765,2297.438,2295.225,2295.658,2295.658,2320.548,2295.658,2314.545,2315.225,2317.715,2309.315,2314.545,2314.575,2315.195,2302.435,2302.935,2302.915,2305.585,2299.315,2301.145,2301.175,2302.925,2297.258,2302.105,2302.195,2306.195,2302.045,2304.685,2304.685,2308.815,2302.255,2306.155,2306.155,2307.265,2302.118,2303.775,2303.785,2307.125,2303.785,2305.558,2305.525,2305.775,2301.145,2301.935,2301.945,2304.585,2300.085,2301.845,2301.865,2303.995,2300.245,2300.775,2300.845,2304.325,2280.065,2281.995,2282.055,2285.525,2277.165,2283.495,2283.485,2287.215,2282.485,2286.455,2286.465,2288.635,2280.868,2288.255,2288.525,2293.274,2287.335,2292.935,2292.935,2293.255,2289.508,2289.608,2289.785,2302.385,2289.734,2293.515,2293.474,2297.345,2291.605,2295.535,2295.475,2296.055,2287.285,2289.845,2289.875,2290.335,2284.695,2286.155,2286.095,2289.255,2283.014,2288.105,2288.105,2288.465,2284.835,2286.545,2286.575,2288.605,2284.028,2284.248,2284.358,2289.525,2283.144,2289.475,2289.535,2290.435,2284.865,2287.935,2287.935,2292.665,2286.365,2291.655,2291.675,2293.565,2290.065,2293.435,2293.415,2294.848,2290.785,2291.095,2291.095,2294.325,2290.685,2293.435,2293.445,2294.625,2290.468,2290.505,2290.518,2294.135,2289.525,2293.198,2293.208,2295.425,2293.105,2294.135,2294.165,2295.865,2293.815,2294.495,2294.485,2295.118,2291.565,2291.658,2291.678,2294.605,2291.678,2293.685
2024.06.07 08:30,272K,185K,Bad,2334.485,2335.335,2334.025,2335.135,2335.135,2335.405,2333.415,2333.935,2333.935,2335.545,2333.815,2334.805,2334.845,2335.125,2332.745,2333.275,2333.275,2336.255,2332.828,2335.985,2336.018,2339.285,2335.808,2336.485,2336.468,2339.255,2333.185,2336.215,2336.218,2338.005,2335.428,2337.815,2337.728,2337.998,2334.658,2335.905,2335.848,2336.695,2334.835,2335.585,2335.915,2336.035,2334.275,2335.075,2335.018,2335.055,2330.245,2333.075,2333.345,2333.345,2313.404,2321.595,2320.195,2323.055,2315.338,2321.595,2321.605,2322.155,2317.885,2319.495,2319.445,2319.445,2313.808,2316.535,2316.274,2319.345,2316.135,2316.635,2316.545,2320.025,2315.338,2319.205,2319.185,2325.225,2317.355,2325.225,2325.328,2326.255,2322.025,2323.035,2322.978,2323.345,2319.485,2319.655,2319.665,2326.175,2319.625,2325.345,2325.335,2326.515,2323.918,2326.285,2326.225,2327.885,2325.128,2325.185,2325.218,2326.295,2319.865,2320.625,2320.625,2322.305,2319.845,2320.835,2320.778,2321.475,2316.558,2316.815,2316.805,2317.425,2311.538,2312.228,2312.208,2312.715,2307.638,2308.028,2308.028,2310.065,2304.875,2309.405,2309.415,2311.685,2308.965,2311.165,2311.165,2315.035,2307.535,2314.025,2314.045,2314.108,2309.865,2312.605,2312.565,2315.735,2310.895,2315.705,2315.575,2320.515,2314.245,2317.228,2317.218,2319.305,2315.345,2318.155,2318.185,2319.565,2316.098,2317.035,2317.045,2319.775,2317.045,2319.265,2319.255,2321.005,2317.705,2318.235,2318.235,2318.345,2314.435,2314.495,2314.465,2315.135,2311.625,2311.795,2311.735,2313.435,2310.035,2313.255,2313.265,2313.975,2311.755,2313.425,2313.425,2313.695,2311.215,2313.345,2313.305,2315.445,2311.565,2314.935,2314.935,2314.935,2312.018,2312.585,2312.575,2312.895,2310.985,2312.805,2312.805,2313.175,2308.515,2308.605,2308.605,2309.905,2306.618,2308.065
2024.07.05 08:30,206K,190K,Good,2364.935,2365.115,2363.905,2364.115,2364.075,2364.198,2363.055,2363.115,2363.115,2364.215,2362.175,2363.475,2363.458,2364.405,2363.315,2363.788,2363.775,2365.185,2363.735,2364.985,2364.985,2365.875,2364.955,2365.725,2365.725,2367.698,2365.725,2367.558,2367.558,2367.628,2365.898,2366.668,2366.655,2367.148,2366.298,2366.878,2366.855,2368.435,2366.395,2366.868,2366.878,2367.808,2366.435,2366.548,2366.548,2367.115,2365.938,2366.095,2366.095,2376.025,2347.515,2365.748,2370.158,2373.408,2364.578,2365.748,2365.624,2373.188,2364.885,2372.825,2372.845,2372.945,2368.475,2368.808,2368.825,2371.468,2367.085,2368.685,2368.685,2373.868,2368.625,2372.035,2372.035,2374.865,2370.575,2372.428,2372.495,2376.015,2371.078,2376.005,2376.005,2380.035,2375.515,2376.728,2376.735,2376.878,2374.648,2375.405,2375.405,2375.665,2371.475,2373.865,2373.828,2374.765,2372.828,2374.278,2374.204,2379.955,2374.085,2379.125,2379.215,2380.455,2378.005,2379.535,2379.515,2384.918,2378.865,2383.755,2383.825,2385.025,2378.948,2380.285,2380.305,2382.245,2379.375,2379.888,2379.885,2383.305,2379.148,2383.065,2383.015,2383.425,2377.345,2377.645,2377.645,2378.185,2375.075,2377.095,2377.025,2377.845,2374.275,2377.085,2376.875,2378.655,2375.515,2378.135,2378.155,2379.238,2376.325,2377.905,2377.975,2379.665,2377.665,2378.078,2378.105,2382.508,2378.005,2381.145,2381.105,2382.018,2380.528,2381.158,2381.068,2384.195,2380.345,2383.305,2383.375,2383.975,2382.338,2382.545,2382.575,2384.315,2381.604,2383.038,2383.065,2383.145,2380.108,2380.618,2380.575,2380.638,2378.445,2379.275,2379.185,2381.765,2378.345,2381.455,2381.445,2383.568,2381.225,2382.995,2382.965,2386.208,2382.965,2385.338,2385.295,2386.105,2384.125,2384.158,2384.185,2385.158,2383.648,2384.575,2384.555,2388.308,2383.985,2386.808
2024.08.02 08:30,187K,200K,Good,2461.535,2461.535,2459.388,2459.515,2459.475,2459.775,2457.485,2458.445,2458.385,2460.865,2458.375,2459.505,2459.558,2460.035,2458.925,2459.585,2459.625,2460.945,2458.195,2458.195,2457.935,2459.395,2457.865,2459.095,2459.068,2460.525,2458.565,2460.085,2460.105,2460.705,2458.485,2458.675,2458.665,2459.085,2457.255,2457.408,2457.408,2458.025,2456.045,2457.055,2457.078,2457.825,2455.865,2456.365,2456.325,2457.388,2455.775,2456.035,2455.835,2474.148,2455.835,2471.475,2473.385,2477.494,2470.438,2471.475,2471.475,2476.625,2469.065,2470.855,2470.825,2476.315,2470.185,2475.105,2475.095,2477.315,2472.888,2472.888,2472.834,2476.005,2471.815,2472.708,2472.755,2474.195,2461.974,2463.805,2463.818,2466.535,2461.375,2465.045,2465.015,2466.108,2460.735,2461.395,2461.355,2463.855,2455.635,2463.278,2463.278,2464.935,2460.775,2464.795,2464.795,2466.305,2462.864,2465.985,2465.985,2470.658,2465.725,2468.944,2468.964,2471.288,2465.148,2465.518,2465.518,2465.934,2462.504,2463.115,2463.105,2465.565,2462.715,2465.565,2465.505,2468.408,2464.694,2467.728,2467.845,2470.548,2467.145,2469.695,2469.664,2473.374,2467.775,2473.195,2473.245,2474.265,2469.598,2469.598,2469.505,2472.025,2466.844,2471.815,2471.795,2473.178,2469.328,2470.805,2470.785,2474.108,2468.865,2470.958,2470.915,2470.915,2463.808,2464.385,2464.405,2465.465,2447.528,2451.134,2451.134,2453.805,2437.905,2442.445,2442.385,2444.678,2434.035,2436.475,2436.478,2439.595,2431.455,2433.248,2433.144,2435.995,2429.758,2434.558,2434.255,2435.665,2428.195,2431.395,2431.408,2435.615,2429.408,2430.728,2430.748,2431.765,2422.665,2425.215,2425.195,2426.988,2411.385,2413.415,2413.315,2420.884,2410.664,2419.865,2419.805,2426.555,2419.765,2422.575,2422.575,2426.228,2422.258,2425.854,2425.854,2428.875,2424.838,2424.988
2024.09.06 08:30,163K,175K,Good,2518.395,2518.965,2517.765,2517.985,2517.985,2518.368,2516.305,2516.595,2516.595,2517.165,2515.835,2515.955,2515.955,2516.675,2515.705,2515.715,2515.715,2516.355,2514.595,2515.525,2515.525,2516.165,2514.925,2516.165,2516.135,2516.335,2514.515,2514.915,2514.915,2514.915,2513.345,2513.665,2513.675,2513.675,2512.595,2513.005,2513.005,2514.695,2512.095,2514.195,2514.155,2516.945,2513.535,2515.668,2515.665,2517.125,2514.735,2515.368,2515.368,2528.194,2506.855,2524.345,2524.115,2529.125,2521.198,2524.345,2524.295,2526.925,2521.894,2524.655,2524.705,2525.855,2520.668,2525.475,2525.475,2527.078,2521.415,2521.715,2521.655,2525.745,2520.525,2522.138,2522.175,2522.875,2515.255,2515.945,2515.818,2518.705,2512.428,2513.125,2513.138,2515.325,2511.145,2514.578,2514.595,2514.595,2507.835,2511.265,2511.255,2514.145,2508.285,2513.035,2512.898,2512.925,2506.555,2508.535,2508.498,2511.655,2507.738,2511.155,2511.134,2511.665,2501.905,2504.805,2504.855,2507.565,2503.928,2505.585,2505.528,2510.445,2504.395,2507.845,2508.025,2510.515,2506.985,2507.508,2507.585,2510.975,2507.235,2509.268,2509.288,2509.715,2505.205,2506.115,2506.045,2506.745,2502.355,2505.705,2505.755,2508.385,2505.568,2508.175,2508.175,2510.075,2506.358,2509.375,2509.375,2509.925,2506.875,2507.485,2507.485,2508.475,2503.855,2505.085,2505.175,2505.355,2500.375,2504.725,2504.725,2509.955,2503.385,2509.935,2509.935,2515.478,2509.805,2513.415,2513.425,2515.115,2511.175,2512.275,2512.285,2513.255,2506.485,2506.615,2506.608,2508.365,2505.655,2506.605,2506.685,2518.355,2505.808,2512.965,2512.885,2514.685,2507.665,2507.805,2507.815,2515.425,2507.645,2514.075,2514.055,2517.375,2512.688,2513.405,2513.435,2516.015,2511.725,2516.015,2515.985,2518.025,2513.245,2515.215,2515.225,2515.825,2511.005,2513.225
2024.10.04 08:30,336K,170K,Bad,2659.175,2660.758,2659.175,2660.055,2660.068,2660.888,2659.618,2659.648,2659.645,2661.388,2659.635,2661.105,2661.105,2661.908,2660.995,2661.465,2661.428,2662.008,2660.998,2661.838,2661.835,2662.455,2661.115,2661.205,2661.185,2661.345,2657.765,2658.005,2657.965,2657.965,2656.215,2656.995,2657.025,2657.165,2656.155,2656.825,2656.825,2658.015,2656.415,2657.905,2657.858,2658.065,2656.185,2656.505,2656.475,2657.455,2655.835,2656.308,2656.508,2656.608,2637.445,2642.688,2640.945,2647.024,2640.755,2642.688,2642.728,2645.564,2639.924,2640.724,2640.788,2646.364,2639.898,2642.644,2642.684,2642.684,2636.125,2636.405,2636.368,2639.515,2632.068,2638.695,2638.785,2642.444,2637.314,2642.228,2642.184,2648.445,2641.664,2648.145,2648.145,2649.374,2645.688,2648.625,2648.604,2650.748,2646.918,2648.345,2648.445,2649.885,2646.975,2648.515,2648.504,2654.008,2647.665,2651.264,2651.435,2652.524,2648.635,2650.465,2650.394,2652.175,2649.005,2652.075,2652.115,2653.428,2649.655,2651.665,2651.665,2652.385,2649.268,2651.645,2651.695,2655.014,2648.215,2654.778,2654.734,2654.885,2651.778,2651.778,2651.778,2653.175,2648.625,2650.085,2650.085,2653.385,2648.755,2651.215,2651.204,2652.485,2649.235,2649.265,2649.265,2652.205,2648.865,2652.115,2652.065,2652.115,2646.378,2648.605,2648.605,2650.805,2648.395,2650.305,2650.274,2651.655,2648.388,2649.735,2649.735,2651.575,2649.685,2650.495,2650.495,2655.675,2649.985,2655.565,2655.595,2655.935,2653.034,2654.145,2654.145,2659.085,2653.785,2658.774,2658.774,2661.045,2657.574,2658.255,2658.285,2663.818,2658.235,2663.254,2663.315,2667.668,2663.225,2666.775,2666.745,2670.065,2665.878,2666.505,2666.465,2669.945,2664.428,2665.455,2665.398,2665.645,2659.935,2660.135,2660.155,2660.515,2656.958,2657.868,2657.884,2658.214,2654.688,2656.965
2024.11.01 08:30,150K,180K,Good,2749.208,2758.998,2747.985,2756.225,2756.235,2759.725,2755.585,2758.225,2758.225,2758.975,2754.615,2755.825,2755.795,2756.435,2753.815,2754.205,2754.205,2758.405,2752.698,2754.884,2754.914,2756.478,2753.345,2753.688,2753.635,2759.924,2753.494,2759.754,2759.784,2761.345,2757.534,2761.145,2761.175,2761.345,2759.345,2760.935,2760.935,2762.048,2758.825,2759.925,2759.895,2760.085,2756.135,2757.365,2757.415,2758.215,2753.178,2753.535,2753.565,2755.375,2751.995,2758.225,2755.045,2758.395,2753.325,2758.225,2758.285,2759.415,2757.575,2758.185,2758.215,2758.315,2756.128,2756.555,2756.555,2759.345,2756.555,2757.775,2757.775,2757.865,2755.458,2755.458,2755.778,2758.728,2753.008,2753.855,2753.855,2756.895,2753.505,2755.715,2755.685,2758.035,2755.175,2756.505,2756.495,2756.865,2754.035,2754.535,2754.535,2754.535,2750.495,2750.785,2750.785,2752.215,2747.918,2751.655,2751.655,2752.625,2748.735,2749.705,2749.705,2751.485,2745.138,2745.865,2745.915,2746.075,2739.575,2739.718,2739.718,2743.785,2739.654,2742.875,2742.915,2745.545,2740.815,2745.408,2745.408,2747.495,2743.645,2747.105,2747.215,2747.705,2744.258,2745.125,2745.105,2745.115,2742.448,2745.005,2744.965,2748.165,2744.925,2747.385,2747.335,2748.775,2747.025,2748.405,2748.415,2749.625,2747.015,2749.498,2749.465,2750.145,2748.585,2750.145,2750.145,2750.155,2747.645,2748.215,2748.215,2749.235,2747.255,2747.558,2747.535,2747.948,2746.085,2746.445,2746.435,2746.648,2743.498,2743.605,2743.605,2744.915,2742.635,2744.795,2744.755,2746.125,2744.305,2744.635,2744.625,2746.005,2744.135,2745.545,2745.545,2745.955,2743.395,2743.455,2743.455,2744.665,2742.565,2743.225,2743.195,2744.425,2742.485,2744.325,2744.285,2744.328,2742.785,2743.355,2743.395,2743.905,2742.928,2743.465,2743.465,2745.075,2743.465,2744.705
2024.12.06 08:30,199K,180K,Good,2639.235,2639.925,2638.805,2639.415,2639.425,2640.798,2639.085,2640.598,2640.608,2641.378,2639.598,2640.578,2640.578,2640.578,2638.625,2638.655,2638.655,2639.785,2637.355,2638.255,2638.255,2638.665,2637.135,2638.415,2638.405,2639.545,2635.644,2636.344,2636.365,2637.465,2635.875,2636.118,2636.115,2637.448,2635.095,2636.168,2636.165,2636.848,2633.808,2634.024,2634.024,2637.648,2633.908,2637.385,2637.615,2637.794,2634.238,2634.618,2634.618,2643.148,2630.948,2641.925,2636.778,2643.185,2634.715,2641.925,2641.905,2642.215,2635.258,2635.628,2635.604,2637.294,2632.288,2632.655,2632.534,2636.465,2631.675,2636.268,2636.244,2637.495,2634.624,2635.615,2635.605,2638.748,2634.484,2635.565,2635.565,2635.635,2626.998,2627.874,2627.805,2629.085,2623.864,2628.025,2628.015,2630.948,2627.055,2628.185,2628.194,2631.465,2626.745,2631.175,2631.155,2632.465,2629.208,2629.675,2629.655,2632.298,2627.715,2630.065,2630.065,2630.975,2627.064,2629.645,2629.655,2630.065,2625.745,2629.145,2629.255,2633.348,2629.235,2632.745,2632.795,2635.775,2632.325,2633.965,2633.975,2635.805,2632.675,2635.405,2635.405,2638.505,2632.355,2637.745,2637.748,2639.635,2637.025,2638.325,2638.224,2640.405,2636.168,2636.758,2636.768,2637.668,2635.488,2637.198,2637.165,2637.695,2634.394,2636.595,2636.638,2639.578,2636.638,2638.035,2638.045,2640.095,2637.725,2639.405,2639.415,2639.548,2635.414,2635.995,2635.995,2636.965,2633.294,2634.275,2634.265,2636.115,2633.624,2635.025,2635.025,2636.325,2634.025,2636.175,2636.205,2637.605,2635.475,2637.455,2637.475,2638.945,2636.905,2638.015,2637.995,2638.305,2635.385,2637.325,2637.295,2637.784,2636.135,2636.778,2636.778,2638.748,2636.254,2638.648,2638.624,2640.484,2638.448,2639.748,2639.785,2639.798,2638.525,2638.998,2639.098,2641.048,2638.465,2640.205
2025.01.03 08:30,216K,170K,Bad,,,,,,,,,,,,,,,,,,,,,,,,,,,,,,,,,,,,,,,,,,,,,,,,,,,,,,,,,,,,,,,,,,,,,,,,,,,,,,,,,,,,,,,,,,,,,,,,,,,,,,,,,,,,,,,,,,,,,,,,,,,,,,,,,,,,,,,,,,,,,,,,,,,,,,,,,,,,,,,,,,,,,,,,,,,,,,,,,,,,,,,,,,,,,,,,,,,,
2025.02.07 08:30,187K,200K,Good,,,,,,,,,,,,,,,,,,,,,,,,,,,,,,,,,,,,,,,,,,,,,,,,,,,,,,,,,,,,,,,,,,,,,,,,,,,,,,,,,,,,,,,,,,,,,,,,,,,,,,,,,,,,,,,,,,,,,,,,,,,,,,,,,,,,,,,,,,,,,,,,,,,,,,,,,,,,,,,,,,,,,,,,,,,,,,,,,,,,,,,,,,,,,,,,,,,,
2025.03.07 08:30,275K,200K,Bad,,,,,,,,,,,,,,,,,,,,,,,,,,,,,,,,,,,,,,,,,,,,,,,,,,,,,,,,,,,,,,,,,,,,,,,,,,,,,,,,,,,,,,,,,,,,,,,,,,,,,,,,,,,,,,,,,,,,,,,,,,,,,,,,,,,,,,,,,,,,,,,,,,,,,,,,,,,,,,,,,,,,,,,,,,,,,,,,,,,,,,,,,,,,,,,,,,,,
2025.04.04 08:30,303K,214K,Bad,,,,,,,,,,,,,,,,,,,,,,,,,,,,,,,,,,,,,,,,,,,,,,,,,,,,,,,,,,,,,,,,,,,,,,,,,,,,,,,,,,,,,,,,,,,,,,,,,,,,,,,,,,,,,,,,,,,,,,,,,,,,,,,,,,,,,,,,,,,,,,,,,,,,,,,,,,,,,,,,,,,,,,,,,,,,,,,,,,,,,,,,,,,,,,,,,,,,
2025.05.02 08:30,175K,243K,Good,,,,,,,,,,,,,,,,,,,,,,,,,,,,,,,,,,,,,,,,,,,,,,,,,,,,,,,,,,,,,,,,,,,,,,,,,,,,,,,,,,,,,,,,,,,,,,,,,,,,,,,,,,,,,,,,,,,,,,,,,,,,,,,,,,,,,,,,,,,,,,,,,,,,,,,,,,,,,,,,,,,,,,,,,,,,,,,,,,,,,,,,,,,,,,,,,,,,
2025.06.06 08:30,272K,185K,Bad,,,,,,,,,,,,,,,,,,,,,,,,,,,,,,,,,,,,,,,,,,,,,,,,,,,,,,,,,,,,,,,,,,,,,,,,,,,,,,,,,,,,,,,,,,,,,,,,,,,,,,,,,,,,,,,,,,,,,,,,,,,,,,,,,,,,,,,,,,,,,,,,,,,,,,,,,,,,,,,,,,,,,,,,,,,,,,,,,,,,,,,,,,,,,,,,,,,,
